match_id,date,player_team,striker,batting_position,balls_faced,runs_scored,strike_rate,dots,singles,doubles,triples,fours,fives,sixes,dismissal_type
202501,2025-03-22,KKR,de Kock,1,5,4,80.0,4,0,0,0,1,0,0,caught
202501,2025-03-22,KKR,Rahane,2,31,56,180.64516129032256,14,6,1,0,6,0,4,caught
202501,2025-03-22,KKR,Narine,3,26,44,169.23076923076923,13,4,1,0,5,0,3,caught
202501,2025-03-22,KKR,Venkatesh Iyer,4,7,6,85.71428571428571,4,2,0,0,1,0,0,bowled
202501,2025-03-22,KKR,Angkrish Raghuvanshi,5,22,30,136.36363636363635,4,14,1,0,2,0,1,caught
202501,2025-03-22,KKR,Rinku Singh,6,10,12,120.0,2,6,1,0,1,0,0,bowled
202501,2025-03-22,KKR,Russell,7,3,4,133.33333333333331,2,0,0,0,1,0,0,bowled
202501,2025-03-22,KKR,Ramandeep Singh,8,9,6,66.66666666666666,3,6,0,0,0,0,0,not out
202501,2025-03-22,KKR,Harshit Rana,9,6,5,83.33333333333334,4,1,0,0,1,0,0,caught
202501,2025-03-22,KKR,Spencer Johnson,10,1,1,100.0,0,1,0,0,0,0,0,not out
202501,2025-03-22,RCB,Phil Salt,1,31,56,180.64516129032256,13,6,1,0,9,0,2,caught
202501,2025-03-22,RCB,Kohli,2,36,59,163.88888888888889,6,21,2,0,4,0,3,not out
202501,2025-03-22,RCB,Padikkal,3,10,10,100.0,3,6,0,0,1,0,0,caught
202501,2025-03-22,RCB,Rajat Patidar,4,16,34,212.5,4,4,2,0,5,0,1,caught
202501,2025-03-22,RCB,Livingstone,5,5,15,300.0,1,1,0,0,2,0,1,not out
202502,2025-03-23,SRH,Abhishek Sharma,1,11,24,218.18181818181816,3,2,1,0,5,0,0,caught
202502,2025-03-23,SRH,Head,2,29,67,231.0344827586207,7,7,3,0,9,0,3,caught
202502,2025-03-23,SRH,Ishan Kishan,3,46,106,230.43478260869566,7,18,4,0,11,0,6,not out
202502,2025-03-23,SRH,Nitish Reddy,4,15,30,200.0,3,6,1,0,4,0,1,caught
202502,2025-03-23,SRH,Klaasen,5,14,34,242.85714285714283,2,4,2,0,5,0,1,caught
202502,2025-03-23,SRH,Aniket Verma,6,3,7,233.33333333333334,1,1,0,0,0,0,1,caught
202502,2025-03-23,SRH,Abhinav Manohar,7,1,0,0.0,1,0,0,0,0,0,0,caught
202502,2025-03-23,SRH,Cummins,8,1,0,0.0,1,0,0,0,0,0,0,not out
202502,2025-03-23,RR,Jaiswal,1,5,1,20.0,4,1,0,0,0,0,0,caught
202502,2025-03-23,RR,Samson,2,36,65,180.55555555555557,13,11,1,0,7,0,4,caught
202502,2025-03-23,RR,Riyan Parag,3,2,4,200.0,1,0,0,0,1,0,0,caught
202502,2025-03-23,RR,Nitish Rana,4,8,11,137.5,4,1,1,0,2,0,0,caught
202502,2025-03-23,RR,Dhruv Jurel,5,35,70,200.0,11,12,1,0,5,0,6,caught
202502,2025-03-23,RR,Shubham Dubey,6,10,33,330.0,0,5,0,0,1,0,4,not out
202502,2025-03-23,RR,Hetmyer,7,23,42,182.6086956521739,7,8,3,0,1,0,4,caught
202502,2025-03-23,RR,Jofra Archer,8,1,1,100.0,0,1,0,0,0,0,0,not out
202503,2025-03-23,MI,Rohit,1,4,0,0.0,4,0,0,0,0,0,0,caught
202503,2025-03-23,MI,Will Jacks,2,7,11,157.14285714285714,2,3,0,0,2,0,0,caught
202503,2025-03-23,MI,Rickelton,3,7,13,185.71428571428572,3,1,0,0,3,0,0,bowled
202503,2025-03-23,MI,Suryakumar Yadav,4,26,29,111.53846153846155,11,9,3,0,2,0,1,stumped
202503,2025-03-23,MI,Tilak Varma,5,24,31,129.16666666666669,11,7,2,0,2,0,2,lbw
202503,2025-03-23,MI,Robin Minz,6,9,3,33.33333333333333,6,3,0,0,0,0,0,caught
202503,2025-03-23,MI,Naman Dhir,7,12,17,141.66666666666669,1,7,3,0,1,0,0,bowled
202503,2025-03-23,MI,Santner,8,13,11,84.61538461538461,5,7,0,0,1,0,0,lbw
202503,2025-03-23,MI,Chahar,9,15,28,186.66666666666666,5,4,2,0,2,0,2,not out
202503,2025-03-23,MI,Boult,10,2,1,50.0,1,1,0,0,0,0,0,caught
202503,2025-03-23,MI,Satyanarayana Raju,11,1,1,100.0,0,1,0,0,0,0,0,not out
202503,2025-03-23,CSK,Ravindra,1,45,65,144.44444444444443,10,25,4,0,2,0,4,not out
202503,2025-03-23,CSK,Tripathi,2,3,2,66.66666666666666,1,2,0,0,0,0,0,caught
202503,2025-03-23,CSK,Gaikwad,3,26,53,203.84615384615384,8,7,2,0,6,0,3,caught
202503,2025-03-23,CSK,Shivam Dube,4,7,9,128.57142857142858,3,3,0,0,0,0,1,caught
202503,2025-03-23,CSK,Hooda,5,5,3,60.0,2,3,0,0,0,0,0,caught
202503,2025-03-23,CSK,Sam Curran,6,9,4,44.44444444444444,5,4,0,0,0,0,0,bowled
202503,2025-03-23,CSK,Jadeja,7,18,17,94.44444444444444,6,9,2,0,1,0,0,runout
202503,2025-03-23,CSK,Dhoni,8,2,0,0.0,2,0,0,0,0,0,0,not out
202504,2025-03-24,LSG,Markram,1,13,15,115.38461538461537,6,5,0,0,1,0,1,caught
202504,2025-03-24,LSG,Mitchell Marsh,2,36,72,200.0,13,10,1,0,6,0,6,caught
202504,2025-03-24,LSG,Pooran,3,30,75,250.0,8,9,0,0,6,0,7,bowled
202504,2025-03-24,LSG,Pant,4,6,0,0.0,6,0,0,0,0,0,0,caught
202504,2025-03-24,LSG,Miller,5,18,23,127.77777777777777,6,9,1,0,0,0,2,not out
202504,2025-03-24,LSG,Ayush Badoni,6,5,4,80.0,1,4,0,0,0,0,0,caught
202504,2025-03-24,LSG,Thakur,7,2,0,0.0,2,0,0,0,0,0,0,runout
202504,2025-03-24,LSG,Shahbaz Ahmed,8,8,9,112.5,2,5,0,0,1,0,0,caught
202504,2025-03-24,LSG,Ravi Bishnoi,9,2,0,0.0,2,0,0,0,0,0,0,bowled
202504,2025-03-24,DC,Fraser-McGurk,1,2,1,50.0,1,1,0,0,0,0,0,caught
202504,2025-03-24,DC,du Plessis,2,18,29,161.11111111111111,8,5,0,0,3,0,2,caught
202504,2025-03-24,DC,Abishek Porel,3,2,0,0.0,2,0,0,0,0,0,0,caught
202504,2025-03-24,DC,Sameer Rizvi,4,4,4,100.0,3,0,0,0,1,0,0,caught
202504,2025-03-24,DC,Axar,5,11,22,200.0,3,4,0,0,3,0,1,caught
202504,2025-03-24,DC,Stubbs,6,22,34,154.54545454545453,6,12,0,0,1,0,3,bowled
202504,2025-03-24,DC,Ashutosh Sharma,7,31,66,212.9032258064516,7,12,2,0,5,0,5,not out
202504,2025-03-24,DC,Vipraj Nigam,8,15,39,260.0,1,7,0,0,5,0,2,caught
202504,2025-03-24,DC,Mitchell Starc,9,5,2,40.0,3,2,0,0,0,0,0,caught
202504,2025-03-24,DC,Kuldeep Yadav,10,5,5,100.0,3,1,0,0,1,0,0,runout
202504,2025-03-24,DC,Mohit Sharma,11,2,1,50.0,1,1,0,0,0,0,0,not out
202505,2025-03-25,PBKS,Priyansh Arya,1,23,47,204.34782608695653,9,3,2,0,7,0,2,caught
202505,2025-03-25,PBKS,Prabhsimran,2,8,5,62.5,6,1,0,0,1,0,0,caught
202505,2025-03-25,PBKS,Shreyas Iyer,3,42,97,230.95238095238093,9,15,4,0,5,0,9,not out
202505,2025-03-25,PBKS,Azmatullah,4,15,16,106.66666666666667,10,2,0,0,2,0,1,caught
202505,2025-03-25,PBKS,Maxwell,5,1,0,0.0,1,0,0,0,0,0,0,lbw
202505,2025-03-25,PBKS,Stoinis,6,15,20,133.33333333333331,8,4,0,0,1,0,2,caught
202505,2025-03-25,PBKS,Shashank Singh,7,16,44,275.0,2,4,2,0,6,0,2,not out
202505,2025-03-25,GT,Sai Sudharsan,1,41,74,180.4878048780488,14,14,2,0,5,0,6,caught
202505,2025-03-25,GT,Shubman Gill,2,14,33,235.71428571428572,4,3,2,0,2,0,3,caught
202505,2025-03-25,GT,Buttler,3,33,54,163.63636363636365,7,14,6,0,4,0,2,bowled
202505,2025-03-25,GT,Rutherford,4,28,46,164.28571428571428,11,8,2,0,4,0,3,bowled
202505,2025-03-25,GT,Rahul Tewatia,5,2,6,300.0,1,0,0,0,0,0,1,runout
202505,2025-03-25,GT,Arshad Khan,6,1,1,100.0,0,1,0,0,0,0,0,not out
202505,2025-03-25,GT,Shahrukh Khan,7,1,6,600.0,0,0,0,0,0,0,1,not out
202506,2025-03-26,RR,Jaiswal,1,24,29,120.83333333333333,11,9,0,0,2,0,2,caught
202506,2025-03-26,RR,Samson,2,11,13,118.18181818181819,5,3,1,0,2,0,0,bowled
202506,2025-03-26,RR,Riyan Parag,3,15,25,166.66666666666669,5,7,0,0,0,0,3,caught
202506,2025-03-26,RR,Nitish Rana,4,9,8,88.88888888888889,2,6,1,0,0,0,0,bowled
202506,2025-03-26,RR,Hasaranga,5,4,4,100.0,1,2,1,0,0,0,0,caught
202506,2025-03-26,RR,Dhruv Jurel,6,28,33,117.85714285714286,11,11,1,0,5,0,0,bowled
202506,2025-03-26,RR,Shubham Dubey,7,12,9,75.0,6,5,0,0,1,0,0,caught
202506,2025-03-26,RR,Hetmyer,8,8,7,87.5,4,3,0,0,1,0,0,caught
202506,2025-03-26,RR,Jofra Archer,9,7,16,228.57142857142856,2,2,1,0,0,0,2,bowled
202506,2025-03-26,RR,Theekshana,10,1,1,100.0,0,1,0,0,0,0,0,not out
202506,2025-03-26,RR,Tushar Deshpande,11,1,2,200.0,0,0,1,0,0,0,0,not out
202506,2025-03-26,KKR,Moeen Ali,1,12,5,41.66666666666667,7,5,0,0,0,0,0,runout
202506,2025-03-26,KKR,de Kock,2,61,97,159.01639344262296,19,27,1,0,8,0,6,not out
202506,2025-03-26,KKR,Rahane,3,15,18,120.0,6,6,1,0,1,0,1,caught
202506,2025-03-26,KKR,Angkrish Raghuvanshi,4,17,22,129.41176470588235,1,14,0,0,2,0,0,not out
202507,2025-03-27,SRH,Head,1,27,46,170.37037037037038,12,6,1,0,5,0,3,bowled
202507,2025-03-27,SRH,Abhishek Sharma,2,6,6,100.0,3,2,0,0,1,0,0,caught
202507,2025-03-27,SRH,Ishan Kishan,3,1,0,0.0,1,0,0,0,0,0,0,caught
202507,2025-03-27,SRH,Nitish Reddy,4,28,32,114.28571428571428,7,15,3,1,2,0,0,bowled
202507,2025-03-27,SRH,Klaasen,5,17,26,152.94117647058823,3,10,1,0,2,0,1,runout
202507,2025-03-27,SRH,Aniket Verma,6,13,36,276.9230769230769,4,2,2,0,0,0,5,caught
202507,2025-03-27,SRH,Abhinav Manohar,7,6,2,33.33333333333333,4,2,0,0,0,0,0,caught
202507,2025-03-27,SRH,Harshal Patel,8,11,12,109.09090909090908,1,8,2,0,0,0,0,not out
202507,2025-03-27,SRH,Cummins,9,4,18,450.0,1,0,0,0,0,0,3,caught
202507,2025-03-27,SRH,Shami,10,3,1,33.33333333333333,2,1,0,0,0,0,0,caught
202507,2025-03-27,SRH,Simarjeet Singh,11,4,3,75.0,1,3,0,0,0,0,0,not out
202507,2025-03-27,LSG,Mitchell Marsh,1,31,52,167.74193548387098,10,12,0,0,7,0,2,caught
202507,2025-03-27,LSG,Markram,2,4,1,25.0,3,1,0,0,0,0,0,caught
202507,2025-03-27,LSG,Pooran,3,26,70,269.2307692307692,6,7,0,1,6,0,6,lbw
202507,2025-03-27,LSG,Pant,4,15,15,100.0,5,9,0,0,0,0,1,caught
202507,2025-03-27,LSG,Ayush Badoni,5,6,6,100.0,3,2,0,0,1,0,0,caught
202507,2025-03-27,LSG,Miller,6,7,13,185.71428571428572,0,5,0,0,2,0,0,not out
202507,2025-03-27,LSG,Abdul Samad,7,8,22,275.0,2,2,0,0,2,0,2,not out
202508,2025-03-28,RCB,Phil Salt,1,16,32,200.0,5,4,1,0,5,0,1,stumped
202508,2025-03-28,RCB,Kohli,2,30,31,103.33333333333334,12,13,2,0,2,0,1,caught
202508,2025-03-28,RCB,Padikkal,3,14,27,192.85714285714286,5,3,2,0,2,0,2,caught
202508,2025-03-28,RCB,Rajat Patidar,4,32,51,159.375,8,17,0,0,4,0,3,caught
202508,2025-03-28,RCB,Livingstone,5,9,10,111.11111111111111,5,2,1,0,0,0,1,bowled
202508,2025-03-28,RCB,Jitesh Sharma,6,6,12,200.0,2,2,0,0,1,0,1,caught
202508,2025-03-28,RCB,Tim David,7,8,22,275.0,4,0,0,0,1,0,3,not out
202508,2025-03-28,RCB,Krunal Pandya,8,3,0,0.0,3,0,0,0,0,0,0,caught
202508,2025-03-28,RCB,Bhuvneshwar,9,2,0,0.0,2,0,0,0,0,0,0,not out
202508,2025-03-28,CSK,Ravindra,1,31,41,132.25806451612902,7,17,2,0,5,0,0,bowled
202508,2025-03-28,CSK,Tripathi,2,3,5,166.66666666666669,1,1,0,0,1,0,0,caught
202508,2025-03-28,CSK,Gaikwad,3,4,0,0.0,4,0,0,0,0,0,0,caught
202508,2025-03-28,CSK,Hooda,4,9,4,44.44444444444444,8,0,0,0,1,0,0,caught
202508,2025-03-28,CSK,Sam Curran,5,13,8,61.53846153846154,6,6,1,0,0,0,0,caught
202508,2025-03-28,CSK,Shivam Dube,6,15,19,126.66666666666666,7,5,0,0,2,0,1,bowled
202508,2025-03-28,CSK,Jadeja,7,19,25,131.57894736842107,7,7,2,0,2,0,1,caught
202508,2025-03-28,CSK,Ashwin,8,8,11,137.5,1,5,1,0,1,0,0,caught
202508,2025-03-28,CSK,Dhoni,9,16,30,187.5,6,4,1,0,3,0,2,not out
202508,2025-03-28,CSK,Noor Ahmad,10,2,0,0.0,2,0,0,0,0,0,0,not out
202509,2025-03-29,GT,Sai Sudharsan,1,41,63,153.65853658536585,7,24,3,0,4,1,2,lbw
202509,2025-03-29,GT,Shubman Gill,2,27,38,140.74074074074073,10,8,4,0,4,0,1,caught
202509,2025-03-29,GT,Buttler,3,24,39,162.5,7,9,2,0,5,0,1,caught
202509,2025-03-29,GT,Shahrukh Khan,4,7,9,128.57142857142858,3,3,0,0,0,0,1,caught
202509,2025-03-29,GT,Rutherford,5,11,18,163.63636363636365,3,6,0,0,0,0,2,caught
202509,2025-03-29,GT,Rabada,6,5,7,140.0,3,1,0,0,0,0,1,not out
202509,2025-03-29,GT,Rashid Khan,7,4,6,150.0,3,0,0,0,0,0,1,caught
202509,2025-03-29,GT,Sai Kishore,8,1,1,100.0,0,1,0,0,0,0,0,runout
202509,2025-03-29,MI,Rohit,1,4,8,200.0,2,0,0,0,2,0,0,bowled
202509,2025-03-29,MI,Tilak Varma,2,36,39,108.33333333333333,14,16,1,1,3,0,1,caught
202509,2025-03-29,MI,Rickelton,3,9,6,66.66666666666666,6,2,0,0,1,0,0,bowled
202509,2025-03-29,MI,Suryakumar Yadav,4,28,48,171.42857142857142,5,16,2,0,1,0,4,caught
202509,2025-03-29,MI,Robin Minz,5,6,3,50.0,4,1,1,0,0,0,0,caught
202509,2025-03-29,MI,Hardik Pandya,6,17,11,64.70588235294117,10,5,1,0,1,0,0,caught
202509,2025-03-29,MI,Naman Dhir,7,11,18,163.63636363636365,2,6,0,0,3,0,0,not out
202509,2025-03-29,MI,Santner,8,9,18,200.0,4,2,0,0,1,0,2,not out
202510,2025-03-30,SRH,Abhishek Sharma,1,1,1,100.0,0,1,0,0,0,0,0,runout
202510,2025-03-30,SRH,Head,2,12,22,183.33333333333331,3,4,1,0,4,0,0,caught
202510,2025-03-30,SRH,Ishan Kishan,3,5,2,40.0,3,2,0,0,0,0,0,caught
202510,2025-03-30,SRH,Nitish Reddy,4,2,0,0.0,2,0,0,0,0,0,0,caught
202510,2025-03-30,SRH,Aniket Verma,5,41,74,180.4878048780488,13,16,1,0,5,0,6,caught
202510,2025-03-30,SRH,Klaasen,6,17,30,176.47058823529412,3,10,0,0,2,0,2,caught
202510,2025-03-30,SRH,Abhinav Manohar,7,6,4,66.66666666666666,3,2,1,0,0,0,0,caught
202510,2025-03-30,SRH,Cummins,8,7,2,28.57142857142857,5,2,0,0,0,0,0,caught
202510,2025-03-30,SRH,Mulder,9,11,9,81.81818181818183,5,5,0,0,1,0,0,caught
202510,2025-03-30,SRH,Harshal Patel,10,9,5,55.55555555555556,4,5,0,0,0,0,0,caught
202510,2025-03-30,SRH,Shami,11,1,1,100.0,0,1,0,0,0,0,0,not out
202510,2025-03-30,DC,Fraser-McGurk,1,32,38,118.75,18,6,2,0,4,0,2,caught
202510,2025-03-30,DC,du Plessis,2,27,50,185.1851851851852,5,12,4,0,3,0,3,caught
202510,2025-03-30,DC,Abishek Porel,3,18,34,188.88888888888889,0,14,0,0,2,0,2,not out
202510,2025-03-30,DC,Rahul,4,5,15,300.0,1,1,0,0,2,0,1,bowled
202510,2025-03-30,DC,Stubbs,5,14,21,150.0,2,9,0,0,3,0,0,not out
202511,2025-03-30,RR,Jaiswal,1,3,4,133.33333333333331,2,0,0,0,1,0,0,caught
202511,2025-03-30,RR,Nitish Rana,2,36,81,225.0,11,9,1,0,10,0,5,stumped
202511,2025-03-30,RR,Samson,3,16,20,125.0,4,10,0,0,1,0,1,caught
202511,2025-03-30,RR,Riyan Parag,4,28,37,132.14285714285714,9,13,2,0,2,0,2,bowled
202511,2025-03-30,RR,Dhruv Jurel,5,7,3,42.857142857142854,4,3,0,0,0,0,0,caught
202511,2025-03-30,RR,Hasaranga,6,5,4,80.0,2,2,1,0,0,0,0,caught
202511,2025-03-30,RR,Hetmyer,7,16,19,118.75,6,7,1,0,1,0,1,caught
202511,2025-03-30,RR,Jofra Archer,8,2,0,0.0,2,0,0,0,0,0,0,caught
202511,2025-03-30,RR,Kartikeya,9,1,1,100.0,0,1,0,0,0,0,0,runout
202511,2025-03-30,RR,Theekshana,10,4,2,50.0,2,2,0,0,0,0,0,not out
202511,2025-03-30,RR,Tushar Deshpande,11,2,1,50.0,1,1,0,0,0,0,0,not out
202511,2025-03-30,CSK,Ravindra,1,4,0,0.0,4,0,0,0,0,0,0,caught
202511,2025-03-30,CSK,Gaikwad,2,44,63,143.1818181818182,14,16,5,1,7,0,1,caught
202511,2025-03-30,CSK,Tripathi,3,19,23,121.05263157894737,10,5,0,0,3,0,1,caught
202511,2025-03-30,CSK,Shivam Dube,4,10,18,180.0,5,2,0,0,1,0,2,caught
202511,2025-03-30,CSK,Shankar,5,6,9,150.0,2,3,0,0,0,0,1,bowled
202511,2025-03-30,CSK,Jadeja,6,22,32,145.45454545454547,3,14,2,0,2,0,1,not out
202511,2025-03-30,CSK,Dhoni,7,11,16,145.45454545454547,3,6,0,0,1,0,1,caught
202511,2025-03-30,CSK,Jamie Overton,8,4,11,275.0,0,1,2,0,0,0,1,not out
202512,2025-03-31,KKR,de Kock,1,3,1,33.33333333333333,2,1,0,0,0,0,0,caught
202512,2025-03-31,KKR,Narine,2,2,0,0.0,2,0,0,0,0,0,0,bowled
202512,2025-03-31,KKR,Rahane,3,7,11,157.14285714285714,4,1,0,0,1,0,1,caught
202512,2025-03-31,KKR,Angkrish Raghuvanshi,4,16,26,162.5,5,6,1,0,3,0,1,caught
202512,2025-03-31,KKR,Venkatesh Iyer,5,9,3,33.33333333333333,7,1,1,0,0,0,0,caught
202512,2025-03-31,KKR,Rinku Singh,6,14,17,121.42857142857142,6,5,1,0,1,0,1,caught
202512,2025-03-31,KKR,Manish Pandey,7,14,19,135.71428571428572,6,5,0,0,2,0,1,bowled
202512,2025-03-31,KKR,Russell,8,11,5,45.45454545454545,9,1,0,0,1,0,0,bowled
202512,2025-03-31,KKR,Harshit Rana,9,7,4,57.14285714285714,5,1,0,1,0,0,0,caught
202512,2025-03-31,KKR,Ramandeep Singh,10,12,22,183.33333333333331,4,4,1,0,1,0,2,caught
202512,2025-03-31,KKR,Spencer Johnson,11,3,1,33.33333333333333,2,1,0,0,0,0,0,not out
202512,2025-03-31,MI,Rohit,1,11,11,100.0,6,3,1,0,0,0,1,caught
202512,2025-03-31,MI,Rickelton,2,40,62,155.0,16,14,1,0,4,0,5,not out
202512,2025-03-31,MI,Will Jacks,3,17,16,94.11764705882352,7,8,1,0,0,0,1,caught
202512,2025-03-31,MI,Suryakumar Yadav,4,9,27,300.0,1,3,0,0,3,0,2,not out
202513,2025-04-01,LSG,Markram,1,18,28,155.55555555555557,7,6,0,0,4,0,1,bowled
202513,2025-04-01,LSG,Mitchell Marsh,2,1,0,0.0,1,0,0,0,0,0,0,caught
202513,2025-04-01,LSG,Pooran,3,30,44,146.66666666666666,12,10,1,0,5,0,2,caught
202513,2025-04-01,LSG,Pant,4,5,2,40.0,3,2,0,0,0,0,0,caught
202513,2025-04-01,LSG,Ayush Badoni,5,33,41,124.24242424242425,11,17,1,0,1,0,3,caught
202513,2025-04-01,LSG,Miller,6,18,19,105.55555555555556,9,5,1,0,3,0,0,caught
202513,2025-04-01,LSG,Abdul Samad,7,12,27,225.0,1,7,0,0,2,0,2,caught
202513,2025-04-01,LSG,Thakur,8,3,3,100.0,1,1,1,0,0,0,0,not out
202513,2025-04-01,PBKS,Priyansh Arya,1,9,8,88.88888888888889,4,4,0,0,1,0,0,caught
202513,2025-04-01,PBKS,Prabhsimran,2,34,69,202.94117647058823,8,13,1,0,9,0,3,caught
202513,2025-04-01,PBKS,Shreyas Iyer,3,30,52,173.33333333333334,7,16,0,0,3,0,4,not out
202513,2025-04-01,PBKS,Nehal Wadhera,4,25,43,172.0,12,5,1,0,3,0,4,not out
202514,2025-04-02,RCB,Phil Salt,1,13,14,107.6923076923077,7,4,0,0,1,0,1,bowled
202514,2025-04-02,RCB,Kohli,2,6,7,116.66666666666667,3,1,1,0,1,0,0,caught
202514,2025-04-02,RCB,Padikkal,3,3,4,133.33333333333331,2,0,0,0,1,0,0,bowled
202514,2025-04-02,RCB,Rajat Patidar,4,12,12,100.0,6,4,0,0,2,0,0,lbw
202514,2025-04-02,RCB,Livingstone,5,39,53,135.8974358974359,16,15,2,0,1,0,5,caught
202514,2025-04-02,RCB,Jitesh Sharma,6,21,33,157.14285714285714,10,3,2,0,5,0,1,caught
202514,2025-04-02,RCB,Livingstone 1 run,7,1,1,100.0,0,1,0,0,0,0,0,not out
202514,2025-04-02,RCB,Krunal Pandya,8,5,5,100.0,3,1,0,0,1,0,0,caught
202514,2025-04-02,RCB,Tim David,9,18,32,177.77777777777777,6,6,1,0,3,0,2,bowled
202514,2025-04-02,RCB,Bhuvneshwar,10,2,1,50.0,1,1,0,0,0,0,0,not out
202514,2025-04-02,GT,Sai Sudharsan,1,36,49,136.11111111111111,14,13,1,0,7,0,1,caught
202514,2025-04-02,GT,Shubman Gill,2,14,14,100.0,8,4,0,0,1,0,1,caught
202514,2025-04-02,GT,Buttler,3,39,73,187.17948717948718,11,17,0,0,5,0,6,not out
202514,2025-04-02,GT,Rutherford,4,18,30,166.66666666666669,6,8,0,0,1,0,3,not out
202515,2025-04-03,KKR,de Kock,1,6,1,16.666666666666664,5,1,0,0,0,0,0,caught
202515,2025-04-03,KKR,Narine,2,7,7,100.0,5,1,0,0,0,0,1,caught
202515,2025-04-03,KKR,Rahane,3,27,38,140.74074074074073,13,8,1,0,1,0,4,caught
202515,2025-04-03,KKR,Angkrish Raghuvanshi,4,32,50,156.25,9,14,2,0,5,0,2,caught
202515,2025-04-03,KKR,Venkatesh Iyer,5,29,60,206.89655172413794,7,10,2,0,7,0,3,caught
202515,2025-04-03,KKR,Rinku Singh,6,17,32,188.23529411764704,3,8,1,0,4,0,1,not out
202515,2025-04-03,KKR,Russell,7,2,1,50.0,1,1,0,0,0,0,0,runout
202515,2025-04-03,SRH,Head,1,2,4,200.0,1,0,0,0,1,0,0,caught
202515,2025-04-03,SRH,Ishan Kishan,2,5,2,40.0,3,2,0,0,0,0,0,caught
202515,2025-04-03,SRH,Abhishek Sharma,3,6,2,33.33333333333333,4,2,0,0,0,0,0,caught
202515,2025-04-03,SRH,Kamindu Mendis,4,20,27,135.0,9,5,3,0,1,0,2,caught
202515,2025-04-03,SRH,Nitish Reddy,5,15,19,126.66666666666666,8,3,1,0,2,0,1,caught
202515,2025-04-03,SRH,Klaasen,6,21,33,157.14285714285714,4,13,0,0,2,0,2,caught
202515,2025-04-03,SRH,Aniket Verma,7,6,6,100.0,3,2,0,0,1,0,0,caught
202515,2025-04-03,SRH,Cummins,8,15,14,93.33333333333333,7,6,0,0,2,0,0,caught
202515,2025-04-03,SRH,Harshal Patel,9,5,3,60.0,2,3,0,0,0,0,0,caught
202515,2025-04-03,SRH,Simarjeet Singh,10,1,0,0.0,1,0,0,0,0,0,0,bowled
202515,2025-04-03,SRH,Shami,11,4,2,50.0,2,2,0,0,0,0,0,not out
202516,2025-04-04,LSG,Mitchell Marsh,1,31,60,193.5483870967742,11,6,3,0,9,0,2,caught
202516,2025-04-04,LSG,Markram,2,38,53,139.4736842105263,12,19,1,0,2,0,4,caught
202516,2025-04-04,LSG,Pooran,3,6,12,200.0,2,2,0,0,1,0,1,caught
202516,2025-04-04,LSG,Pant,4,6,2,33.33333333333333,4,2,0,0,0,0,0,caught
202516,2025-04-04,LSG,Ayush Badoni,5,19,30,157.89473684210526,5,7,2,1,4,0,0,caught
202516,2025-04-04,LSG,Miller,6,14,27,192.85714285714286,2,7,1,0,3,0,1,caught
202516,2025-04-04,LSG,Abdul Samad,7,2,4,200.0,1,0,0,0,1,0,0,caught
202516,2025-04-04,LSG,Thakur,8,2,5,250.0,0,1,0,0,1,0,0,not out
202516,2025-04-04,LSG,Akash Deep,9,1,0,0.0,1,0,0,0,0,0,0,caught
202516,2025-04-04,LSG,Avesh Khan,10,1,2,200.0,0,0,1,0,0,0,0,not out
202516,2025-04-04,MI,Will Jacks,1,7,5,71.42857142857143,3,3,1,0,0,0,0,caught
202516,2025-04-04,MI,Rickelton,2,5,10,200.0,1,2,0,0,2,0,0,caught
202516,2025-04-04,MI,Naman Dhir,3,24,46,191.66666666666669,6,10,1,0,4,0,3,bowled
202516,2025-04-04,MI,Suryakumar Yadav,4,43,67,155.8139534883721,12,17,4,0,9,0,1,caught
202516,2025-04-04,MI,Tilak Varma,5,23,25,108.69565217391303,5,15,1,0,2,0,0,retired out
202516,2025-04-04,MI,Hardik Pandya,6,16,28,175.0,2,8,3,0,2,0,1,not out
202516,2025-04-04,MI,Santner,7,2,2,100.0,1,0,1,0,0,0,0,not out
202517,2025-04-05,DC,Fraser-McGurk,1,5,0,0.0,5,0,0,0,0,0,0,caught
202517,2025-04-05,DC,Abishek Porel,2,20,33,165.0,4,11,0,0,4,0,1,caught
202517,2025-04-05,DC,Rahul,3,51,77,150.98039215686273,10,29,3,0,6,0,3,caught
202517,2025-04-05,DC,Axar,4,14,21,150.0,5,5,1,0,2,0,1,bowled
202517,2025-04-05,DC,Sameer Rizvi,5,15,20,133.33333333333331,4,8,1,0,1,0,1,caught
202517,2025-04-05,DC,Stubbs,6,12,24,200.0,1,6,2,0,2,0,1,not out
202517,2025-04-05,DC,Ashutosh Sharma,7,1,1,100.0,0,1,0,0,0,0,0,runout
202517,2025-04-05,DC,Vipraj Nigam,8,2,1,50.0,1,1,0,0,0,0,0,not out
202517,2025-04-05,CSK,Ravindra,1,5,2,40.0,3,2,0,0,0,0,0,caught
202517,2025-04-05,CSK,Conway,2,14,13,92.85714285714286,6,5,2,0,1,0,0,caught
202517,2025-04-05,CSK,Gaikwad,3,4,5,125.0,2,1,0,0,1,0,0,caught
202517,2025-04-05,CSK,Shankar,4,53,68,128.30188679245282,11,30,6,0,5,0,1,not out
202517,2025-04-05,CSK,Shivam Dube,5,15,18,120.0,5,8,0,0,1,0,1,caught
202517,2025-04-05,CSK,Jadeja,6,3,2,66.66666666666666,1,2,0,0,0,0,0,lbw
202517,2025-04-05,CSK,Dhoni,7,26,30,115.38461538461537,6,16,2,0,1,0,1,not out
202518,2025-04-05,RR,Jaiswal,1,45,67,148.88888888888889,15,19,3,0,3,0,5,bowled
202518,2025-04-05,RR,Samson,2,26,38,146.15384615384613,8,11,0,1,6,0,0,caught
202518,2025-04-05,RR,Riyan Parag,3,25,43,172.0,7,11,1,0,3,0,3,not out
202518,2025-04-05,RR,Nitish Rana,4,7,12,171.42857142857142,2,2,1,0,2,0,0,caught
202518,2025-04-05,RR,Hetmyer,5,12,20,166.66666666666669,4,4,1,0,2,0,1,caught
202518,2025-04-05,RR,Dhruv Jurel,6,5,13,260.0,0,3,0,0,1,0,1,not out
202518,2025-04-05,PBKS,Priyansh Arya,1,1,0,0.0,1,0,0,0,0,0,0,bowled
202518,2025-04-05,PBKS,Shreyas Iyer,2,5,10,200.0,2,0,1,0,2,0,0,bowled
202518,2025-04-05,PBKS,Prabhsimran,3,16,17,106.25,6,7,1,0,2,0,0,caught
202518,2025-04-05,PBKS,Stoinis,4,7,1,14.285714285714285,6,1,0,0,0,0,0,caught
202518,2025-04-05,PBKS,Nehal Wadhera,5,41,62,151.21951219512195,10,21,2,1,4,0,3,caught
202518,2025-04-05,PBKS,Maxwell,6,21,30,142.85714285714286,6,10,1,0,3,0,1,caught
202518,2025-04-05,PBKS,Suryansh Shedge,7,4,2,50.0,2,2,0,0,0,0,0,caught
202518,2025-04-05,PBKS,Shashank Singh,8,13,10,76.92307692307693,4,8,1,0,0,0,0,not out
202518,2025-04-05,PBKS,Marco Jansen,9,6,3,50.0,3,3,0,0,0,0,0,caught
202518,2025-04-05,PBKS,Arshdeep Singh,10,5,1,20.0,4,1,0,0,0,0,0,caught
202518,2025-04-05,PBKS,Ferguson,11,1,4,400.0,0,0,0,0,1,0,0,not out
202519,2025-04-06,SRH,Abhishek Sharma,1,16,18,112.5,10,2,0,0,4,0,0,caught
202519,2025-04-06,SRH,Head,2,5,8,160.0,3,0,0,0,2,0,0,caught
202519,2025-04-06,SRH,Ishan Kishan,3,14,17,121.42857142857142,4,7,1,0,2,0,0,caught
202519,2025-04-06,SRH,Nitish Reddy,4,34,31,91.17647058823529,13,17,1,0,3,0,0,caught
202519,2025-04-06,SRH,Klaasen,5,19,27,142.10526315789474,6,8,1,1,2,0,1,bowled
202519,2025-04-06,SRH,Aniket Verma,6,14,18,128.57142857142858,4,6,2,0,2,0,0,lbw
202519,2025-04-06,SRH,Kamindu Mendis,7,5,1,20.0,4,1,0,0,0,0,0,caught
202519,2025-04-06,SRH,Cummins,8,9,22,244.44444444444446,1,4,0,0,3,0,1,not out
202519,2025-04-06,SRH,Simarjeet Singh,9,2,0,0.0,2,0,0,0,0,0,0,bowled
202519,2025-04-06,SRH,Shami,10,2,6,300.0,0,0,1,0,1,0,0,not out
202519,2025-04-06,GT,Sai Sudharsan,1,9,5,55.55555555555556,4,5,0,0,0,0,0,caught
202519,2025-04-06,GT,Shubman Gill,2,43,61,141.86046511627907,11,21,2,0,9,0,0,not out
202519,2025-04-06,GT,Buttler,3,3,0,0.0,3,0,0,0,0,0,0,caught
202519,2025-04-06,GT,Washington Sundar,4,29,49,168.9655172413793,6,15,1,0,5,0,2,caught
202519,2025-04-06,GT,Rutherford,5,16,35,218.75,4,5,0,0,6,0,1,not out
202520,2025-04-07,RCB,Phil Salt,1,2,4,200.0,1,0,0,0,1,0,0,bowled
202520,2025-04-07,RCB,Padikkal,2,22,37,168.1818181818182,6,11,0,0,2,0,3,caught
202520,2025-04-07,RCB,Kohli,3,42,67,159.52380952380955,12,17,3,0,8,0,2,caught
202520,2025-04-07,RCB,Rajat Patidar,4,32,64,200.0,6,14,3,0,5,0,4,caught
202520,2025-04-07,RCB,Livingstone,5,2,0,0.0,2,0,0,0,0,0,0,caught
202520,2025-04-07,RCB,Jitesh Sharma,6,19,40,210.52631578947367,5,8,0,0,2,0,4,not out
202520,2025-04-07,RCB,Tim David,7,1,1,100.0,0,1,0,0,0,0,0,not out
202520,2025-04-07,MI,Rohit,1,9,17,188.88888888888889,4,1,1,0,2,0,1,bowled
202520,2025-04-07,MI,Rickelton,2,10,17,170.0,5,1,0,0,4,0,0,lbw
202520,2025-04-07,MI,Will Jacks,3,18,22,122.22222222222223,8,6,1,0,2,0,1,caught
202520,2025-04-07,MI,Suryakumar Yadav,4,26,28,107.6923076923077,13,8,0,0,5,0,0,caught
202520,2025-04-07,MI,Tilak Varma,5,29,56,193.10344827586206,9,8,4,0,4,0,4,caught
202520,2025-04-07,MI,Hardik Pandya,6,15,42,280.0,3,4,1,0,3,0,4,caught
202520,2025-04-07,MI,Naman Dhir,7,6,11,183.33333333333331,3,1,0,0,1,0,1,caught
202520,2025-04-07,MI,Santner,8,4,8,200.0,1,2,0,0,0,0,1,caught
202520,2025-04-07,MI,Chahar,9,1,0,0.0,1,0,0,0,0,0,0,caught
202520,2025-04-07,MI,Boult,10,1,1,100.0,0,1,0,0,0,0,0,not out
202520,2025-04-07,MI,Bumrah,11,1,0,0.0,1,0,0,0,0,0,0,not out
202521,2025-04-08,LSG,Markram,1,28,47,167.85714285714286,7,12,2,1,4,0,2,bowled
202521,2025-04-08,LSG,Mitchell Marsh,2,48,81,168.75,16,16,4,1,6,0,5,caught
202521,2025-04-08,LSG,Pooran,3,36,87,241.66666666666666,11,9,1,0,7,0,8,not out
202521,2025-04-08,LSG,Abdul Samad,4,4,6,150.0,1,2,0,0,1,0,0,bowled
202521,2025-04-08,LSG,Miller,5,4,4,100.0,1,2,1,0,0,0,0,not out
202521,2025-04-08,KKR,de Kock,1,9,15,166.66666666666669,4,3,0,0,0,0,2,lbw
202521,2025-04-08,KKR,Narine,2,13,30,230.76923076923075,5,2,0,0,4,0,2,caught
202521,2025-04-08,KKR,Rahane,3,35,61,174.28571428571428,11,11,3,0,8,0,2,caught
202521,2025-04-08,KKR,Venkatesh Iyer,4,29,45,155.17241379310346,9,11,2,0,6,0,1,caught
202521,2025-04-08,KKR,Ramandeep Singh,5,2,1,50.0,1,1,0,0,0,0,0,caught
202521,2025-04-08,KKR,Angkrish Raghuvanshi,6,4,5,125.0,2,1,0,0,1,0,0,caught
202521,2025-04-08,KKR,Rinku Singh,7,15,38,253.33333333333331,5,2,0,0,6,0,2,not out
202521,2025-04-08,KKR,Russell,8,4,7,175.0,2,1,0,0,0,0,1,caught
202521,2025-04-08,KKR,Harshit Rana,9,9,10,111.11111111111111,5,2,0,0,2,0,0,not out
202522,2025-04-08,PBKS,Priyansh Arya,1,41,103,251.21951219512195,9,11,5,0,7,0,9,caught
202522,2025-04-08,PBKS,Prabhsimran,2,2,0,0.0,2,0,0,0,0,0,0,bowled
202522,2025-04-08,PBKS,Shreyas Iyer,3,7,9,128.57142857142858,4,1,1,0,0,0,1,bowled
202522,2025-04-08,PBKS,Stoinis,4,7,4,57.14285714285714,4,2,1,0,0,0,0,caught
202522,2025-04-08,PBKS,Nehal Wadhera,5,6,8,133.33333333333331,3,2,0,0,0,0,1,caught
202522,2025-04-08,PBKS,Maxwell,6,2,1,50.0,1,1,0,0,0,0,0,caught
202522,2025-04-08,PBKS,Shashank Singh,7,36,52,144.44444444444443,10,17,3,1,2,0,3,not out
202522,2025-04-08,PBKS,Marco Jansen,8,19,34,178.94736842105263,3,10,2,0,2,0,2,not out
202522,2025-04-08,CSK,Ravindra,1,22,36,163.63636363636365,8,5,2,1,6,0,0,stumped
202522,2025-04-08,CSK,Conway,2,49,69,140.81632653061226,13,23,5,0,6,0,2,retired out
202522,2025-04-08,CSK,Gaikwad,3,3,1,33.33333333333333,2,1,0,0,0,0,0,caught
202522,2025-04-08,CSK,Shivam Dube,4,27,42,155.55555555555557,7,12,3,0,3,0,2,bowled
202522,2025-04-08,CSK,Dhoni,5,13,33,253.84615384615384,3,5,0,0,1,0,4,caught
202522,2025-04-08,CSK,Jadeja,6,5,9,180.0,1,3,0,0,0,0,1,not out
202522,2025-04-08,CSK,Shankar,7,2,2,100.0,0,2,0,0,0,0,0,not out
202523,2025-04-09,GT,Sai Sudharsan,1,53,82,154.7169811320755,15,22,5,0,8,0,3,caught
202523,2025-04-09,GT,Shubman Gill,2,3,2,66.66666666666666,1,2,0,0,0,0,0,bowled
202523,2025-04-09,GT,Buttler,3,25,36,144.0,7,10,3,0,5,0,0,lbw
202523,2025-04-09,GT,Shahrukh Khan,4,20,36,180.0,7,6,1,0,4,0,2,stumped
202523,2025-04-09,GT,Rutherford,5,3,7,233.33333333333334,1,1,0,0,0,0,1,caught
202523,2025-04-09,GT,Rahul Tewatia,6,12,24,200.0,4,4,0,0,2,0,2,not out
202523,2025-04-09,GT,Rashid Khan,7,4,12,300.0,1,0,1,0,1,0,1,caught
202523,2025-04-09,RR,Jaiswal,1,7,6,85.71428571428571,5,0,1,0,1,0,0,caught
202523,2025-04-09,RR,Samson,2,28,41,146.42857142857142,9,13,0,0,4,0,2,caught
202523,2025-04-09,RR,Nitish Rana,3,3,1,33.33333333333333,2,1,0,0,0,0,0,caught
202523,2025-04-09,RR,Riyan Parag,4,14,26,185.71428571428572,6,4,0,0,1,0,3,caught
202523,2025-04-09,RR,Dhruv Jurel,5,4,5,125.0,2,1,0,0,1,0,0,caught
202523,2025-04-09,RR,Hetmyer,6,32,52,162.5,9,14,2,0,4,0,3,caught
202523,2025-04-09,RR,Shubham Dubey,7,3,1,33.33333333333333,2,1,0,0,0,0,0,lbw
202523,2025-04-09,RR,Jofra Archer,8,4,4,100.0,1,2,1,0,0,0,0,caught
202523,2025-04-09,RR,Theekshana,9,13,5,38.46153846153847,8,5,0,0,0,0,0,caught
202523,2025-04-09,RR,Tushar Deshpande,10,3,3,100.0,1,1,1,0,0,0,0,caught
202523,2025-04-09,RR,Sandeep Sharma,11,5,6,120.0,0,4,1,0,0,0,0,not out
202524,2025-04-10,RCB,Phil Salt,1,16,33,206.25,7,3,0,0,3,0,3,runout
202524,2025-04-10,RCB,Kohli,2,14,22,157.14285714285714,5,6,0,0,1,0,2,caught
202524,2025-04-10,RCB,Padikkal,3,8,1,12.5,7,1,0,0,0,0,0,caught
202524,2025-04-10,RCB,Rajat Patidar,4,23,25,108.69565217391303,8,11,2,0,1,0,1,caught
202524,2025-04-10,RCB,Livingstone,5,6,4,66.66666666666666,2,4,0,0,0,0,0,caught
202524,2025-04-10,RCB,Jitesh Sharma,6,11,3,27.27272727272727,8,3,0,0,0,0,0,caught
202524,2025-04-10,RCB,Krunal Pandya,7,18,18,100.0,6,8,3,0,1,0,0,caught
202524,2025-04-10,RCB,Tim David,8,20,37,185.0,9,5,0,0,2,0,4,not out
202524,2025-04-10,RCB,Bhuvneshwar,9,4,1,25.0,3,1,0,0,0,0,0,not out
202524,2025-04-10,DC,du Plessis,1,7,2,28.57142857142857,5,2,0,0,0,0,0,caught
202524,2025-04-10,DC,Fraser-McGurk,2,6,7,116.66666666666667,3,1,1,0,1,0,0,caught
202524,2025-04-10,DC,Rahul,3,53,93,175.47169811320757,15,21,4,0,7,0,6,not out
202524,2025-04-10,DC,Abishek Porel,4,7,7,100.0,4,1,1,0,1,0,0,caught
202524,2025-04-10,DC,Axar,5,11,15,136.36363636363635,3,5,1,0,2,0,0,caught
202524,2025-04-10,DC,Stubbs,6,23,38,165.2173913043478,2,16,0,0,4,0,1,not out
202525,2025-04-11,CSK,Ravindra,1,9,4,44.44444444444444,5,4,0,0,0,0,0,caught
202525,2025-04-11,CSK,Conway,2,11,12,109.09090909090908,5,4,0,0,2,0,0,lbw
202525,2025-04-11,CSK,Tripathi,3,22,16,72.72727272727273,11,8,2,0,1,0,0,bowled
202525,2025-04-11,CSK,Shankar,4,21,29,138.0952380952381,8,5,5,0,2,0,1,caught
202525,2025-04-11,CSK,Shivam Dube,5,29,31,106.89655172413792,9,15,2,0,3,0,0,not out
202525,2025-04-11,CSK,Ashwin,6,7,1,14.285714285714285,6,1,0,0,0,0,0,caught
202525,2025-04-11,CSK,Jadeja,7,2,0,0.0,2,0,0,0,0,0,0,caught
202525,2025-04-11,CSK,Hooda,8,4,0,0.0,4,0,0,0,0,0,0,caught
202525,2025-04-11,CSK,Dhoni,9,4,1,25.0,3,1,0,0,0,0,0,lbw
202525,2025-04-11,CSK,Noor Ahmad,10,8,1,12.5,7,1,0,0,0,0,0,caught
202525,2025-04-11,CSK,Anshul Kamboj,11,3,3,100.0,1,1,1,0,0,0,0,not out
202525,2025-04-11,KKR,de Kock,1,15,23,153.33333333333334,7,5,0,0,0,0,3,bowled
202525,2025-04-11,KKR,Narine,2,18,44,244.44444444444446,6,4,1,0,2,0,5,bowled
202525,2025-04-11,KKR,Rahane,3,17,20,117.64705882352942,7,6,2,0,1,0,1,not out
202525,2025-04-11,KKR,Rinku Singh,4,11,13,118.18181818181819,6,3,0,0,1,0,1,not out
202526,2025-04-12,GT,Sai Sudharsan,1,37,56,151.35135135135135,10,16,3,0,7,0,1,caught
202526,2025-04-12,GT,Shubman Gill,2,38,60,157.89473684210526,8,17,5,1,6,0,1,caught
202526,2025-04-12,GT,Buttler,3,14,16,114.28571428571428,4,8,0,0,2,0,0,caught
202526,2025-04-12,GT,Washington Sundar,4,3,2,66.66666666666666,1,2,0,0,0,0,0,bowled
202526,2025-04-12,GT,Rutherford,5,19,22,115.78947368421053,6,10,0,0,3,0,0,lbw
202526,2025-04-12,GT,Shahrukh Khan,6,6,11,183.33333333333331,0,5,0,0,0,0,1,not out
202526,2025-04-12,GT,Rahul Tewatia,7,1,0,0.0,1,0,0,0,0,0,0,caught
202526,2025-04-12,GT,Rashid Khan,8,2,4,200.0,0,0,2,0,0,0,0,not out
202526,2025-04-12,LSG,Markram,1,31,58,187.09677419354838,7,12,2,0,9,0,1,caught
202526,2025-04-12,LSG,Pant,2,18,21,116.66666666666667,9,5,0,0,4,0,0,caught
202526,2025-04-12,LSG,Pooran,3,34,61,179.41176470588235,13,11,2,0,1,0,7,caught
202526,2025-04-12,LSG,Ayush Badoni,4,20,28,140.0,5,10,2,0,2,0,1,not out
202526,2025-04-12,LSG,Miller,5,11,7,63.63636363636363,5,5,1,0,0,0,0,bowled
202526,2025-04-12,LSG,Abdul Samad,6,3,2,66.66666666666666,1,2,0,0,0,0,0,not out
202527,2025-04-12,PBKS,Priyansh Arya,1,13,36,276.9230769230769,3,4,0,0,2,0,4,caught
202527,2025-04-12,PBKS,Prabhsimran,2,23,42,182.6086956521739,8,6,1,0,7,0,1,caught
202527,2025-04-12,PBKS,Shreyas Iyer,3,36,82,227.77777777777777,5,16,3,0,6,0,6,caught
202527,2025-04-12,PBKS,Nehal Wadhera,4,22,27,122.72727272727273,6,13,0,0,2,0,1,lbw
202527,2025-04-12,PBKS,Shashank Singh,5,3,2,66.66666666666666,1,2,0,0,0,0,0,lbw
202527,2025-04-12,PBKS,Maxwell,6,7,3,42.857142857142854,4,3,0,0,0,0,0,bowled
202527,2025-04-12,PBKS,Stoinis,7,11,34,309.09090909090907,1,4,1,0,1,0,4,not out
202527,2025-04-12,PBKS,Marco Jansen,8,5,5,100.0,1,3,1,0,0,0,0,not out
202527,2025-04-12,SRH,Head,1,37,66,178.3783783783784,13,12,0,0,9,0,3,caught
202527,2025-04-12,SRH,Abhishek Sharma,2,54,141,261.11111111111114,10,16,3,1,14,0,10,caught
202527,2025-04-12,SRH,Klaasen,3,14,21,150.0,4,7,0,0,2,0,1,not out
202527,2025-04-12,SRH,Ishan Kishan,4,6,9,150.0,1,3,1,0,1,0,0,not out
202528,2025-04-13,RR,Jaiswal,1,47,75,159.5744680851064,12,23,0,0,10,0,2,lbw
202528,2025-04-13,RR,Samson,2,19,15,78.94736842105263,9,7,2,0,1,0,0,stumped
202528,2025-04-13,RR,Riyan Parag,3,22,30,136.36363636363635,7,10,1,0,3,0,1,caught
202528,2025-04-13,RR,Dhruv Jurel,4,23,35,152.17391304347828,6,11,2,0,2,0,2,not out
202528,2025-04-13,RR,Hetmyer,5,8,9,112.5,2,5,0,0,1,0,0,caught
202528,2025-04-13,RR,Nitish Rana,6,1,4,400.0,0,0,0,0,1,0,0,not out
202528,2025-04-13,RCB,Phil Salt,1,33,65,196.96969696969697,13,9,0,0,5,0,6,caught
202528,2025-04-13,RCB,Kohli,2,45,62,137.77777777777777,9,26,4,0,4,0,2,not out
202528,2025-04-13,RCB,Padikkal,3,27,40,148.14814814814815,9,10,2,0,5,0,1,not out
202529,2025-04-13,MI,Rohit,1,12,18,150.0,5,4,0,0,2,0,1,lbw
202529,2025-04-13,MI,Rickelton,2,25,41,164.0,9,9,0,0,5,0,2,bowled
202529,2025-04-13,MI,Suryakumar Yadav,3,28,40,142.85714285714286,13,8,0,0,5,0,2,caught
202529,2025-04-13,MI,Tilak Varma,4,33,59,178.78787878787878,11,10,2,1,6,0,3,caught
202529,2025-04-13,MI,Hardik Pandya,5,4,2,50.0,2,2,0,0,0,0,0,caught
202529,2025-04-13,MI,Naman Dhir,6,17,38,223.52941176470588,2,8,1,0,4,0,2,not out
202529,2025-04-13,MI,Will Jacks,7,1,1,100.0,0,1,0,0,0,0,0,not out
202529,2025-04-13,DC,Fraser-McGurk,1,1,0,0.0,1,0,0,0,0,0,0,caught
202529,2025-04-13,DC,Karun Nair,2,40,89,222.5,13,9,1,0,12,0,5,bowled
202529,2025-04-13,DC,Abishek Porel,3,25,33,132.0,7,13,1,0,3,0,1,caught
202529,2025-04-13,DC,Rahul,4,13,15,115.38461538461537,3,7,2,0,1,0,0,caught
202529,2025-04-13,DC,Axar,5,6,9,150.0,3,1,0,0,2,0,0,caught
202529,2025-04-13,DC,Stubbs,6,4,1,25.0,3,1,0,0,0,0,0,caught
202529,2025-04-13,DC,Ashutosh Sharma,7,14,17,121.42857142857142,3,9,0,0,2,0,0,runout
202529,2025-04-13,DC,Vipraj Nigam,8,8,14,175.0,2,4,0,0,1,0,1,stumped
202529,2025-04-13,DC,Mitchell Starc,9,1,1,100.0,0,1,0,0,0,0,0,not out
202529,2025-04-13,DC,Kuldeep Yadav,10,1,1,100.0,0,1,0,0,0,0,0,runout
202529,2025-04-13,DC,Mohit Sharma,11,1,0,0.0,1,0,0,0,0,0,0,runout
202530,2025-04-14,LSG,Markram,1,6,6,100.0,4,0,1,0,1,0,0,caught
202530,2025-04-14,LSG,Mitchell Marsh,2,25,30,120.0,11,10,0,0,2,0,2,bowled
202530,2025-04-14,LSG,Pooran,3,9,8,88.88888888888889,7,0,0,0,2,0,0,lbw
202530,2025-04-14,LSG,Pant,4,49,63,128.57142857142858,21,17,3,0,4,0,4,caught
202530,2025-04-14,LSG,Ayush Badoni,5,16,22,137.5,7,6,0,0,1,0,2,stumped
202530,2025-04-14,LSG,Abdul Samad,6,11,20,181.8181818181818,2,6,1,0,0,0,2,runout
202530,2025-04-14,LSG,Thakur,7,4,6,150.0,2,0,1,0,1,0,0,caught
202530,2025-04-14,CSK,Shaik Rasheed,1,19,27,142.10526315789474,10,3,0,0,6,0,0,caught
202530,2025-04-14,CSK,Ravindra,2,22,37,168.1818181818182,4,9,4,0,5,0,0,lbw
202530,2025-04-14,CSK,Tripathi,3,10,9,90.0,4,5,0,0,1,0,0,caught
202530,2025-04-14,CSK,Jadeja,4,11,7,63.63636363636363,4,7,0,0,0,0,0,caught
202530,2025-04-14,CSK,Shivam Dube,5,36,37,102.77777777777777,14,17,1,0,3,0,1,not out
202530,2025-04-14,CSK,Shankar,6,8,9,112.5,2,5,0,0,1,0,0,caught
202530,2025-04-14,CSK,Dhoni,7,11,26,236.36363636363637,2,4,0,0,4,0,1,not out
202531,2025-04-15,PBKS,Priyansh Arya,1,12,22,183.33333333333331,5,2,1,0,3,0,1,caught
202531,2025-04-15,PBKS,Prabhsimran,2,15,30,200.0,6,4,0,0,2,0,3,caught
202531,2025-04-15,PBKS,Shreyas Iyer,3,2,0,0.0,2,0,0,0,0,0,0,caught
202531,2025-04-15,PBKS,Josh Inglis,4,6,2,33.33333333333333,5,0,1,0,0,0,0,bowled
202531,2025-04-15,PBKS,Nehal Wadhera,5,9,10,111.11111111111111,5,2,0,0,2,0,0,caught
202531,2025-04-15,PBKS,Maxwell,6,10,7,70.0,7,1,1,0,1,0,0,bowled
202531,2025-04-15,PBKS,Suryansh Shedge,7,4,4,100.0,1,2,1,0,0,0,0,caught
202531,2025-04-15,PBKS,Shashank Singh,8,17,18,105.88235294117648,7,8,0,0,1,0,1,lbw
202531,2025-04-15,PBKS,Marco Jansen,9,2,1,50.0,1,1,0,0,0,0,0,bowled
202531,2025-04-15,PBKS,Bartlett,10,15,11,73.33333333333333,7,7,0,0,1,0,0,runout
202531,2025-04-15,PBKS,Arshdeep Singh,11,1,1,100.0,0,1,0,0,0,0,0,not out
202531,2025-04-15,KKR,de Kock,1,4,2,50.0,2,2,0,0,0,0,0,caught
202531,2025-04-15,KKR,Narine,2,4,5,125.0,2,1,0,0,1,0,0,bowled
202531,2025-04-15,KKR,Angkrish Raghuvanshi,3,28,37,132.14285714285714,12,9,1,0,5,0,1,caught
202531,2025-04-15,KKR,Rahane,4,17,17,100.0,8,7,0,0,1,0,1,lbw
202531,2025-04-15,KKR,Venkatesh Iyer,5,4,7,175.0,1,2,0,0,0,1,0,lbw
202531,2025-04-15,KKR,Rinku Singh,6,9,2,22.22222222222222,7,2,0,0,0,0,0,stumped
202531,2025-04-15,KKR,Russell,7,11,17,154.54545454545453,7,1,0,0,1,0,2,bowled
202531,2025-04-15,KKR,Ramandeep Singh,8,1,0,0.0,1,0,0,0,0,0,0,caught
202531,2025-04-15,KKR,Harshit Rana,9,6,3,50.0,4,1,1,0,0,0,0,bowled
202531,2025-04-15,KKR,Vaibhav Arora,10,7,0,0.0,7,0,0,0,0,0,0,caught
202532,2025-04-16,DC,Fraser-McGurk,1,6,9,150.0,3,1,0,0,2,0,0,caught
202532,2025-04-16,DC,Abishek Porel,2,37,49,132.43243243243242,10,19,2,0,5,0,1,caught
202532,2025-04-16,DC,Karun Nair,3,3,0,0.0,3,0,0,0,0,0,0,runout
202532,2025-04-16,DC,Rahul,4,32,38,118.75,11,16,1,0,2,0,2,caught
202532,2025-04-16,DC,Stubbs,5,18,34,188.88888888888889,2,10,2,0,2,0,2,not out
202532,2025-04-16,DC,Axar,6,14,34,242.85714285714283,2,6,0,0,4,0,2,caught
202532,2025-04-16,DC,Ashutosh Sharma,7,10,14,140.0,3,4,1,0,2,0,0,not out
202532,2025-04-16,RR,Jaiswal,1,37,51,137.83783783783784,16,13,1,0,3,0,4,caught
202532,2025-04-16,RR,Samson,2,18,31,172.22222222222223,8,5,0,0,2,0,3,retired hurt
202532,2025-04-16,RR,Riyan Parag,3,11,8,72.72727272727273,7,2,1,0,1,0,0,bowled
202532,2025-04-16,RR,Nitish Rana,4,28,51,182.14285714285714,5,15,0,0,6,0,2,lbw
202532,2025-04-16,RR,Dhruv Jurel,5,17,26,152.94117647058823,2,12,1,0,0,0,2,runout
202532,2025-04-16,RR,Hetmyer,6,9,15,166.66666666666669,0,5,3,0,1,0,0,not out
202532,2025-04-16,DC,Hetmyer,1,4,6,150.0,1,2,0,0,1,0,0,not out
202532,2025-04-16,DC,Parag,2,1,0,0.0,1,0,0,0,0,0,0,runout
202532,2025-04-16,RR,Rahul,1,3,7,233.33333333333334,0,1,1,0,1,0,0,not out
202532,2025-04-16,RR,Stubbs,2,1,6,600.0,0,0,0,0,0,0,1,not out
202533,2025-04-17,SRH,Abhishek Sharma,1,28,40,142.85714285714286,11,8,2,0,7,0,0,caught
202533,2025-04-17,SRH,Head,2,28,28,100.0,9,16,0,0,3,0,0,caught
202533,2025-04-17,SRH,Ishan Kishan,3,3,2,66.66666666666666,1,2,0,0,0,0,0,stumped
202533,2025-04-17,SRH,Nitish Reddy,4,21,19,90.47619047619048,5,15,0,0,1,0,0,caught
202533,2025-04-17,SRH,Klaasen,5,28,37,132.14285714285714,11,11,1,0,3,0,2,bowled
202533,2025-04-17,SRH,Aniket Verma,6,8,18,225.0,1,4,1,0,0,0,2,not out
202533,2025-04-17,SRH,Cummins,7,4,8,200.0,1,2,0,0,0,0,1,not out
202533,2025-04-17,MI,Rickelton,1,22,31,140.9090909090909,8,7,2,0,5,0,0,caught
202533,2025-04-17,MI,Rohit,2,16,26,162.5,7,4,2,0,0,0,3,caught
202533,2025-04-17,MI,Will Jacks,3,26,36,138.46153846153845,9,12,0,0,3,0,2,caught
202533,2025-04-17,MI,Suryakumar Yadav,4,15,26,173.33333333333334,6,4,1,0,2,0,2,caught
202533,2025-04-17,MI,Tilak Varma,5,17,21,123.52941176470588,3,11,1,0,2,0,0,not out
202533,2025-04-17,MI,Hardik Pandya,6,9,21,233.33333333333334,2,3,0,0,3,0,1,caught
202533,2025-04-17,MI,Naman Dhir,7,3,0,0.0,3,0,0,0,0,0,0,lbw
202533,2025-04-17,MI,Santner,8,1,0,0.0,1,0,0,0,0,0,0,not out
202534,2025-04-18,RCB,Phil Salt,1,4,4,100.0,3,0,0,0,1,0,0,caught
202534,2025-04-18,RCB,Rajat Patidar,2,18,23,127.77777777777777,5,9,2,0,1,0,1,caught
202534,2025-04-18,RCB,Kohli,3,3,1,33.33333333333333,2,1,0,0,0,0,0,caught
202534,2025-04-18,RCB,Livingstone,4,6,4,66.66666666666666,5,0,0,0,1,0,0,caught
202534,2025-04-18,RCB,Jitesh Sharma,5,7,2,28.57142857142857,5,2,0,0,0,0,0,caught
202534,2025-04-18,RCB,Krunal Pandya,6,2,1,50.0,1,1,0,0,0,0,0,caught
202534,2025-04-18,RCB,Tim David,7,25,44,176.0,9,6,3,0,5,0,2,not out
202534,2025-04-18,RCB,Bhandage,8,4,1,25.0,3,1,0,0,0,0,0,lbw
202534,2025-04-18,RCB,Bhuvneshwar,9,13,8,61.53846153846154,8,4,0,0,1,0,0,caught
202534,2025-04-18,RCB,Yash Dayal,10,1,0,0.0,1,0,0,0,0,0,0,lbw
202534,2025-04-18,RCB,Hazlewood,11,1,0,0.0,1,0,0,0,0,0,0,not out
202534,2025-04-18,PBKS,Priyansh Arya,1,11,16,145.45454545454547,4,4,1,0,1,0,1,caught
202534,2025-04-18,PBKS,Prabhsimran,2,9,13,144.44444444444443,3,3,1,0,2,0,0,caught
202534,2025-04-18,PBKS,Shreyas Iyer,3,10,7,70.0,3,7,0,0,0,0,0,caught
202534,2025-04-18,PBKS,Josh Inglis,4,17,14,82.35294117647058,9,6,0,0,2,0,0,caught
202534,2025-04-18,PBKS,Nehal Wadhera,5,19,33,173.6842105263158,10,3,0,0,3,0,3,not out
202534,2025-04-18,PBKS,Shashank Singh,6,5,1,20.0,4,1,0,0,0,0,0,caught
202534,2025-04-18,PBKS,Stoinis,7,2,7,350.0,0,1,0,0,0,0,1,not out
202535,2025-04-19,DC,Abishek Porel,1,9,18,200.0,5,0,0,0,3,0,1,caught
202535,2025-04-19,DC,Karun Nair,2,18,31,172.22222222222223,4,9,1,0,2,0,2,caught
202535,2025-04-19,DC,Rahul,3,14,28,200.0,4,4,1,0,4,0,1,lbw
202535,2025-04-19,DC,Axar,4,32,39,121.875,7,21,1,0,1,0,2,caught
202535,2025-04-19,DC,Stubbs,5,21,31,147.61904761904762,4,11,3,0,2,0,1,caught
202535,2025-04-19,DC,Ashutosh Sharma,6,19,37,194.73684210526315,4,9,1,0,2,0,3,caught
202535,2025-04-19,DC,Vipraj Nigam,7,1,0,0.0,1,0,0,0,0,0,0,caught
202535,2025-04-19,DC,Ferreira,8,3,1,33.33333333333333,2,1,0,0,0,0,0,caught
202535,2025-04-19,DC,Mitchell Starc,9,2,2,100.0,0,2,0,0,0,0,0,not out
202535,2025-04-19,DC,Kuldeep Yadav,10,1,4,400.0,0,0,0,0,1,0,0,not out
202535,2025-04-19,GT,Sai Sudharsan,1,21,36,171.42857142857142,5,10,0,0,5,0,1,caught
202535,2025-04-19,GT,Shubman Gill,2,5,7,140.0,1,3,0,0,1,0,0,runout
202535,2025-04-19,GT,Buttler,3,54,97,179.62962962962962,14,21,4,0,11,0,4,not out
202535,2025-04-19,GT,Rutherford,4,33,42,127.27272727272727,11,16,2,0,1,0,3,caught
202535,2025-04-19,GT,Rahul Tewatia,5,3,11,366.66666666666663,0,1,0,0,1,0,1,not out
202536,2025-04-19,LSG,Mitchell Marsh,1,6,4,66.66666666666666,4,1,0,1,0,0,0,caught
202536,2025-04-19,LSG,Markram,2,45,66,146.66666666666666,15,18,2,2,5,0,3,caught
202536,2025-04-19,LSG,Pooran,3,8,11,137.5,3,3,0,0,2,0,0,lbw
202536,2025-04-19,LSG,Pant,4,9,3,33.33333333333333,6,3,0,0,0,0,0,caught
202536,2025-04-19,LSG,Ayush Badoni,5,34,50,147.05882352941177,8,16,4,0,5,0,1,caught
202536,2025-04-19,LSG,Miller,6,8,7,87.5,1,7,0,0,0,0,0,not out
202536,2025-04-19,LSG,Abdul Samad,7,10,30,300.0,1,4,1,0,0,0,4,not out
202536,2025-04-19,RR,Jaiswal,1,52,74,142.30769230769232,16,24,3,0,5,0,4,bowled
202536,2025-04-19,RR,Vaibhav Suryavanshi,2,20,34,170.0,7,8,0,0,2,0,3,stumped
202536,2025-04-19,RR,Nitish Rana,3,7,8,114.28571428571428,4,2,0,0,0,0,1,caught
202536,2025-04-19,RR,Riyan Parag,4,26,39,150.0,8,11,2,0,3,0,2,lbw
202536,2025-04-19,RR,Dhruv Jurel,5,5,6,120.0,0,4,1,0,0,0,0,not out
202536,2025-04-19,RR,Hetmyer,6,7,12,171.42857142857142,3,0,2,0,2,0,0,caught
202536,2025-04-19,RR,Shubham Dubey,7,3,3,100.0,1,1,1,0,0,0,0,not out
202537,2025-04-20,PBKS,Priyansh Arya,1,15,22,146.66666666666666,8,2,1,0,3,0,1,caught
202537,2025-04-20,PBKS,Prabhsimran,2,17,33,194.11764705882354,5,5,1,0,5,0,1,caught
202537,2025-04-20,PBKS,Shreyas Iyer,3,10,6,60.0,7,2,0,0,1,0,0,caught
202537,2025-04-20,PBKS,Josh Inglis,4,17,29,170.58823529411765,1,11,2,0,2,0,1,bowled
202537,2025-04-20,PBKS,Nehal Wadhera,5,6,5,83.33333333333334,2,3,1,0,0,0,0,runout
202537,2025-04-20,PBKS,Shashank Singh,6,33,31,93.93939393939394,8,21,3,0,1,0,0,not out
202537,2025-04-20,PBKS,Stoinis,7,2,1,50.0,1,1,0,0,0,0,0,bowled
202537,2025-04-20,PBKS,Marco Jansen,8,20,25,125.0,6,11,1,0,0,0,2,not out
202537,2025-04-20,RCB,Phil Salt,1,3,1,33.33333333333333,2,1,0,0,0,0,0,caught
202537,2025-04-20,RCB,Kohli,2,54,73,135.1851851851852,13,27,6,0,7,0,1,not out
202537,2025-04-20,RCB,Padikkal,3,35,61,174.28571428571428,13,11,1,0,6,0,4,caught
202537,2025-04-20,RCB,Rajat Patidar,4,13,12,92.3076923076923,5,6,1,0,1,0,0,caught
202537,2025-04-20,RCB,Jitesh Sharma,5,8,11,137.5,2,5,0,0,0,0,1,not out
202538,2025-04-20,CSK,Shaik Rasheed,1,20,19,95.0,9,5,5,0,1,0,0,stumped
202538,2025-04-20,CSK,Ravindra,2,9,5,55.55555555555556,6,1,2,0,0,0,0,caught
202538,2025-04-20,CSK,Ayush Mhatre,3,15,32,213.33333333333334,5,4,0,0,4,0,2,caught
202538,2025-04-20,CSK,Jadeja,4,35,53,151.42857142857142,8,17,4,0,4,0,2,not out
202538,2025-04-20,CSK,Shivam Dube,5,32,50,156.25,10,14,2,0,2,0,4,caught
202538,2025-04-20,CSK,Dhoni,6,6,4,66.66666666666666,2,4,0,0,0,0,0,caught
202538,2025-04-20,CSK,Jamie Overton,7,3,4,133.33333333333331,2,0,0,0,1,0,0,not out
202538,2025-04-20,MI,Rickelton,1,19,24,126.3157894736842,10,4,1,0,3,0,1,caught
202538,2025-04-20,MI,Rohit,2,45,76,168.88888888888889,13,20,2,0,4,0,6,not out
202538,2025-04-20,MI,Suryakumar Yadav,3,30,68,226.66666666666666,5,14,0,0,6,0,5,not out
202539,2025-04-21,GT,Sai Sudharsan,1,36,52,144.44444444444443,9,18,2,0,6,0,1,caught
202539,2025-04-21,GT,Shubman Gill,2,54,89,164.8148148148148,13,25,3,0,10,0,3,caught
202539,2025-04-21,GT,Buttler,3,23,41,178.26086956521738,7,7,1,0,8,0,0,not out
202539,2025-04-21,GT,Rahul Tewatia,4,2,0,0.0,2,0,0,0,0,0,0,caught
202539,2025-04-21,GT,Shahrukh Khan,5,5,11,220.00000000000003,0,3,1,0,0,0,1,not out
202539,2025-04-21,KKR,Gurbaz,1,4,1,25.0,3,1,0,0,0,0,0,lbw
202539,2025-04-21,KKR,Narine,2,13,17,130.76923076923077,7,3,0,0,2,0,1,caught
202539,2025-04-21,KKR,Rahane,3,36,50,138.88888888888889,10,16,4,0,5,0,1,stumped
202539,2025-04-21,KKR,Venkatesh Iyer,4,19,14,73.68421052631578,8,8,3,0,0,0,0,caught
202539,2025-04-21,KKR,Rinku Singh,5,14,17,121.42857142857142,5,7,0,0,1,0,1,caught
202539,2025-04-21,KKR,Russell,6,15,21,140.0,8,3,0,0,3,0,1,stumped
202539,2025-04-21,KKR,Ramandeep Singh,7,2,1,50.0,1,1,0,0,0,0,0,caught
202539,2025-04-21,KKR,Moeen Ali,8,2,0,0.0,2,0,0,0,0,0,0,caught
202539,2025-04-21,KKR,Angkrish Raghuvanshi,9,13,27,207.6923076923077,2,5,2,0,3,0,1,not out
202539,2025-04-21,KKR,Harshit Rana,10,2,1,50.0,1,1,0,0,0,0,0,not out
202540,2025-04-22,LSG,Markram,1,33,52,157.57575757575756,7,16,5,0,2,0,3,caught
202540,2025-04-22,LSG,Mitchell Marsh,2,36,45,125.0,7,23,2,0,3,0,1,bowled
202540,2025-04-22,LSG,Pooran,3,5,9,180.0,2,1,0,0,2,0,0,bowled
202540,2025-04-22,LSG,Abdul Samad,4,8,2,25.0,6,2,0,0,0,0,0,caught
202540,2025-04-22,LSG,Miller,5,15,14,93.33333333333333,4,10,0,0,1,0,0,not out
202540,2025-04-22,LSG,Ayush Badoni,6,21,36,171.42857142857142,6,6,3,0,6,0,0,bowled
202540,2025-04-22,LSG,Pant,7,2,0,0.0,2,0,0,0,0,0,0,bowled
202540,2025-04-22,DC,Abishek Porel,1,36,51,141.66666666666669,8,19,3,0,5,0,1,caught
202540,2025-04-22,DC,Karun Nair,2,9,15,166.66666666666669,5,1,0,0,2,0,1,bowled
202540,2025-04-22,DC,Rahul,3,42,57,135.71428571428572,12,21,3,0,3,0,3,not out
202540,2025-04-22,DC,Axar,4,20,34,170.0,9,6,0,0,1,0,4,not out
202541,2025-04-23,SRH,Head,1,4,0,0.0,4,0,0,0,0,0,0,caught
202541,2025-04-23,SRH,Abhishek Sharma,2,8,8,100.0,6,0,1,0,0,0,1,caught
202541,2025-04-23,SRH,Ishan Kishan,3,4,1,25.0,3,1,0,0,0,0,0,caught
202541,2025-04-23,SRH,Nitish Reddy,4,6,2,33.33333333333333,4,2,0,0,0,0,0,caught
202541,2025-04-23,SRH,Klaasen,5,44,71,161.36363636363635,13,17,3,0,9,0,2,caught
202541,2025-04-23,SRH,Aniket Verma,6,14,12,85.71428571428571,7,4,2,0,1,0,0,caught
202541,2025-04-23,SRH,Abhinav Manohar,7,37,43,116.21621621621621,16,15,1,0,2,0,3,hit wicket
202541,2025-04-23,SRH,Cummins,8,2,1,50.0,1,1,0,0,0,0,0,bowled
202541,2025-04-23,SRH,Harshal Patel,9,1,1,100.0,0,1,0,0,0,0,0,not out
202541,2025-04-23,MI,Rickelton,1,8,11,137.5,4,1,1,0,2,0,0,caught
202541,2025-04-23,MI,Rohit,2,46,70,152.17391304347828,15,20,0,0,8,0,3,caught
202541,2025-04-23,MI,Will Jacks,3,19,22,115.78947368421053,8,8,0,0,2,0,1,caught
202541,2025-04-23,MI,Suryakumar Yadav,4,19,40,210.52631578947367,5,6,1,0,5,0,2,not out
202541,2025-04-23,MI,Tilak Varma,5,2,2,100.0,0,2,0,0,0,0,0,not out
202542,2025-04-24,RCB,Phil Salt,1,23,26,113.04347826086956,9,10,0,0,4,0,0,caught
202542,2025-04-24,RCB,Kohli,2,42,70,166.66666666666669,9,20,3,0,8,0,2,caught
202542,2025-04-24,RCB,Padikkal,3,27,50,185.1851851851852,5,14,1,0,4,0,3,caught
202542,2025-04-24,RCB,Tim David,4,15,23,153.33333333333334,5,5,2,0,2,0,1,runout
202542,2025-04-24,RCB,Rajat Patidar,5,3,1,33.33333333333333,2,1,0,0,0,0,0,caught
202542,2025-04-24,RCB,Jitesh Sharma,6,10,20,200.0,2,4,0,0,4,0,0,not out
202542,2025-04-24,RR,Jaiswal,1,19,49,257.89473684210526,7,1,1,0,7,0,3,caught
202542,2025-04-24,RR,Vaibhav Suryavanshi,2,12,16,133.33333333333331,7,2,1,0,0,0,2,bowled
202542,2025-04-24,RR,Nitish Rana,3,22,28,127.27272727272727,9,8,1,0,3,0,1,caught
202542,2025-04-24,RR,Riyan Parag,4,10,22,220.00000000000003,4,2,0,0,2,0,2,caught
202542,2025-04-24,RR,Dhruv Jurel,5,34,47,138.23529411764704,13,13,2,0,3,0,3,caught
202542,2025-04-24,RR,Hetmyer,6,8,11,137.5,2,3,2,0,1,0,0,caught
202542,2025-04-24,RR,Shubham Dubey,7,7,12,171.42857142857142,3,2,0,0,1,0,1,caught
202542,2025-04-24,RR,Jofra Archer,8,1,0,0.0,1,0,0,0,0,0,0,caught
202542,2025-04-24,RR,Hasaranga,9,3,1,33.33333333333333,2,1,0,0,0,0,0,runout
202542,2025-04-24,RR,Tushar Deshpande,10,2,1,50.0,1,1,0,0,0,0,0,not out
202542,2025-04-24,RR,Fazalhaq Farooqi,11,2,2,100.0,0,2,0,0,0,0,0,not out
202543,2025-04-25,CSK,Shaik Rasheed,1,1,0,0.0,1,0,0,0,0,0,0,caught
202543,2025-04-25,CSK,Sam Curran,2,9,9,100.0,3,5,0,0,1,0,0,caught
202543,2025-04-25,CSK,Ayush Mhatre,3,19,30,157.89473684210526,7,6,0,0,6,0,0,caught
202543,2025-04-25,CSK,Jadeja,4,17,21,123.52941176470588,6,7,2,0,1,0,1,bowled
202543,2025-04-25,CSK,Brevis,5,25,42,168.0,8,10,2,0,1,0,4,caught
202543,2025-04-25,CSK,Shivam Dube,6,9,12,133.33333333333331,3,4,0,0,2,0,0,caught
202543,2025-04-25,CSK,Hooda,7,20,16,80.0,9,8,2,0,1,0,0,caught
202543,2025-04-25,CSK,Dhoni,8,10,6,60.0,7,2,0,0,1,0,0,caught
202543,2025-04-25,CSK,Anshul Kamboj,9,4,2,50.0,3,0,1,0,0,0,0,caught
202543,2025-04-25,CSK,Noor Ahmad,10,3,2,66.66666666666666,1,2,0,0,0,0,0,caught
202543,2025-04-25,CSK,Khaleel Ahmed,11,2,1,50.0,1,1,0,0,0,0,0,not out
202543,2025-04-25,SRH,Abhishek Sharma,1,2,0,0.0,2,0,0,0,0,0,0,caught
202543,2025-04-25,SRH,Ishan Kishan,2,34,44,129.41176470588235,12,14,2,0,5,0,1,caught
202543,2025-04-25,SRH,Head,3,16,19,118.75,10,1,1,0,4,0,0,bowled
202543,2025-04-25,SRH,Klaasen,4,8,7,87.5,4,3,0,0,1,0,0,caught
202543,2025-04-25,SRH,Aniket Verma,5,19,19,100.0,11,5,1,0,0,0,2,caught
202543,2025-04-25,SRH,Kamindu Mendis,6,21,31,147.61904761904762,5,7,6,0,3,0,0,not out
202543,2025-04-25,SRH,Nitish Reddy,7,12,18,150.0,4,2,4,0,2,0,0,not out
202544,2025-04-26,PBKS,Priyansh Arya,1,35,69,197.14285714285717,10,13,0,0,8,0,4,caught
202544,2025-04-26,PBKS,Prabhsimran,2,48,83,172.91666666666669,14,21,1,0,6,0,6,caught
202544,2025-04-26,PBKS,Shreyas Iyer,3,16,25,156.25,1,11,2,0,1,0,1,not out
202544,2025-04-26,PBKS,Maxwell,4,8,7,87.5,4,3,0,0,1,0,0,bowled
202544,2025-04-26,PBKS,Marco Jansen,5,7,3,42.857142857142854,4,3,0,0,0,0,0,caught
202544,2025-04-26,PBKS,Josh Inglis,6,6,11,183.33333333333331,1,3,0,0,2,0,0,not out
202544,2025-04-26,KKR,Gurbaz,1,3,1,33.33333333333333,2,1,0,0,0,0,0,not out
202544,2025-04-26,KKR,Narine,2,3,4,133.33333333333331,2,0,0,0,1,0,0,not out
202545,2025-04-27,MI,Rickelton,1,32,58,181.25,12,10,0,0,6,0,4,caught
202545,2025-04-27,MI,Rohit,2,5,12,240.0,3,0,0,0,0,0,2,caught
202545,2025-04-27,MI,Will Jacks,3,21,29,138.0952380952381,6,11,0,0,3,0,1,bowled
202545,2025-04-27,MI,Suryakumar Yadav,4,28,54,192.85714285714286,8,10,2,0,4,0,4,caught
202545,2025-04-27,MI,Tilak Varma,5,5,6,120.0,2,2,0,0,1,0,0,caught
202545,2025-04-27,MI,Hardik Pandya,6,7,5,71.42857142857143,3,3,1,0,0,0,0,bowled
202545,2025-04-27,MI,Naman Dhir,7,11,25,227.27272727272728,2,5,0,0,2,0,2,not out
202545,2025-04-27,MI,Corbin Bosch,8,10,20,200.0,2,4,1,0,2,0,1,caught
202545,2025-04-27,MI,Chahar,9,1,1,100.0,0,1,0,0,0,0,0,not out
202545,2025-04-27,LSG,Mitchell Marsh,1,23,34,147.82608695652172,8,10,0,0,3,0,2,caught
202545,2025-04-27,LSG,Markram,2,11,9,81.81818181818183,8,1,0,0,2,0,0,caught
202545,2025-04-27,LSG,Pooran,3,15,27,180.0,7,3,1,0,1,0,3,caught
202545,2025-04-27,LSG,Pant,4,2,4,200.0,1,0,0,0,1,0,0,caught
202545,2025-04-27,LSG,Ayush Badoni,5,22,35,159.0909090909091,5,11,2,0,2,0,2,caught
202545,2025-04-27,LSG,Miller,6,16,24,150.0,5,4,4,0,3,0,0,caught
202545,2025-04-27,LSG,Abdul Samad,7,4,2,50.0,2,2,0,0,0,0,0,bowled
202545,2025-04-27,LSG,Ravi Bishnoi,8,14,13,92.85714285714286,11,1,0,0,0,0,2,bowled
202545,2025-04-27,LSG,Avesh Khan,9,1,0,0.0,1,0,0,0,0,0,0,bowled
202545,2025-04-27,LSG,Prince Yadav,10,9,4,44.44444444444444,5,4,0,0,0,0,0,not out
202545,2025-04-27,LSG,Digvesh Rathi,11,3,1,33.33333333333333,2,1,0,0,0,0,0,bowled
202546,2025-04-27,DC,Abishek Porel,1,11,28,254.54545454545453,2,2,3,0,2,0,2,caught
202546,2025-04-27,DC,du Plessis,2,25,18,72.0,11,12,1,0,1,0,0,caught
202546,2025-04-27,DC,Karun Nair,3,4,4,100.0,3,0,0,0,1,0,0,caught
202546,2025-04-27,DC,Rahul,4,39,41,105.12820512820514,12,19,5,0,3,0,0,caught
202546,2025-04-27,DC,Axar,5,13,15,115.38461538461537,6,5,0,0,1,0,1,bowled
202546,2025-04-27,DC,Stubbs,6,18,34,188.88888888888889,4,8,0,0,5,0,1,caught
202546,2025-04-27,DC,Ashutosh Sharma,7,3,2,66.66666666666666,2,0,1,0,0,0,0,bowled
202546,2025-04-27,DC,Vipraj Nigam,8,6,12,200.0,2,2,0,0,1,0,1,runout
202546,2025-04-27,DC,Chameera,9,1,0,0.0,1,0,0,0,0,0,0,not out
202546,2025-04-27,RCB,Jacob Bethell,1,6,12,200.0,2,2,0,0,1,0,1,caught
202546,2025-04-27,RCB,Kohli,2,47,51,108.51063829787233,12,27,4,0,4,0,0,caught
202546,2025-04-27,RCB,Padikkal,3,2,0,0.0,2,0,0,0,0,0,0,bowled
202546,2025-04-27,RCB,Rajat Patidar,4,6,6,100.0,3,2,0,0,1,0,0,runout
202546,2025-04-27,RCB,Krunal Pandya,5,46,69,150.0,15,17,6,0,4,0,4,not out
202546,2025-04-27,RCB,Tim David,6,4,15,375.0,0,1,0,0,2,0,1,not out
202547,2025-04-28,GT,Sai Sudharsan,1,30,39,130.0,10,13,2,0,4,0,1,caught
202547,2025-04-28,GT,Shubman Gill,2,50,84,168.0,9,24,8,0,5,0,4,caught
202547,2025-04-28,GT,Buttler,3,26,50,192.30769230769232,6,12,1,0,3,0,4,not out
202547,2025-04-28,GT,Washington Sundar,4,8,13,162.5,2,3,2,0,0,0,1,caught
202547,2025-04-28,GT,Rahul Tewatia,5,4,9,225.0,1,1,1,0,0,0,1,lbw
202547,2025-04-28,GT,Shahrukh Khan,6,2,5,250.0,0,1,0,0,1,0,0,not out
202547,2025-04-28,RR,Jaiswal,1,40,70,175.0,11,15,2,1,9,0,2,not out
202547,2025-04-28,RR,Vaibhav Suryavanshi,2,38,101,265.7894736842105,13,7,0,0,7,0,11,bowled
202547,2025-04-28,RR,Nitish Rana,3,2,4,200.0,1,0,0,0,1,0,0,lbw
202547,2025-04-28,RR,Riyan Parag,4,15,32,213.33333333333334,3,4,4,0,2,0,2,not out
202548,2025-04-29,KKR,Gurbaz,1,12,26,216.66666666666666,6,0,0,0,5,0,1,caught
202548,2025-04-29,KKR,Narine,2,16,27,168.75,6,5,1,0,2,0,2,lbw
202548,2025-04-29,KKR,Rahane,3,14,26,185.71428571428572,5,4,0,0,4,0,1,lbw
202548,2025-04-29,KKR,Angkrish Raghuvanshi,4,31,44,141.93548387096774,9,14,3,0,3,0,2,caught
202548,2025-04-29,KKR,Venkatesh Iyer,5,5,7,140.0,2,1,1,0,1,0,0,caught
202548,2025-04-29,KKR,Rinku Singh,6,25,36,144.0,6,12,3,0,3,0,1,caught
202548,2025-04-29,KKR,Russell,7,9,17,188.88888888888889,3,3,0,0,2,0,1,runout
202548,2025-04-29,KKR,Powell,8,5,5,100.0,3,1,0,0,1,0,0,lbw
202548,2025-04-29,KKR,Anukul Roy,9,1,0,0.0,1,0,0,0,0,0,0,caught
202548,2025-04-29,KKR,Harshit Rana,10,1,0,0.0,1,0,0,0,0,0,0,not out
202548,2025-04-29,KKR,Varun Chakaravarthy,11,1,1,100.0,0,1,0,0,0,0,0,not out
202548,2025-04-29,DC,Abishek Porel,1,2,4,200.0,1,0,0,0,1,0,0,caught
202548,2025-04-29,DC,Karun Nair,2,13,15,115.38461538461537,5,5,1,0,2,0,0,lbw
202548,2025-04-29,DC,du Plessis,3,44,61,138.63636363636365,15,19,1,0,7,0,2,caught
202548,2025-04-29,DC,Rahul,4,5,7,140.0,1,3,0,0,1,0,0,runout
202548,2025-04-29,DC,Axar,5,23,43,186.95652173913044,7,9,0,0,4,0,3,caught
202548,2025-04-29,DC,Stubbs,6,3,1,33.33333333333333,2,1,0,0,0,0,0,bowled
202548,2025-04-29,DC,Vipraj Nigam,7,19,38,200.0,7,4,1,0,5,0,2,bowled
202548,2025-04-29,DC,Ashutosh Sharma,8,6,7,116.66666666666667,4,1,0,0,0,0,1,caught
202548,2025-04-29,DC,Mitchell Starc,9,1,0,0.0,1,0,0,0,0,0,0,caught
202548,2025-04-29,DC,Chameera,10,3,2,66.66666666666666,1,2,0,0,0,0,0,not out
202548,2025-04-29,DC,Kuldeep Yadav,11,1,1,100.0,0,1,0,0,0,0,0,not out
202549,2025-04-30,CSK,Shaik Rasheed,1,12,11,91.66666666666666,9,1,0,0,1,0,1,caught
202549,2025-04-30,CSK,Ayush Mhatre,2,6,7,116.66666666666667,2,3,0,0,1,0,0,caught
202549,2025-04-30,CSK,Sam Curran,3,46,86,186.95652173913044,10,20,3,0,9,0,4,caught
202549,2025-04-30,CSK,Jadeja,4,12,17,141.66666666666669,7,1,0,0,4,0,0,caught
202549,2025-04-30,CSK,Brevis,5,26,32,123.07692307692308,7,14,2,0,2,0,1,bowled
202549,2025-04-30,CSK,Shivam Dube,6,6,6,100.0,3,2,0,0,1,0,0,caught
202549,2025-04-30,CSK,Dhoni,7,4,11,275.0,1,1,0,0,1,0,1,caught
202549,2025-04-30,CSK,Hooda,8,2,2,100.0,1,0,1,0,0,0,0,caught
202549,2025-04-30,CSK,Anshul Kamboj,9,1,0,0.0,1,0,0,0,0,0,0,bowled
202549,2025-04-30,CSK,Noor Ahmad,10,1,0,0.0,1,0,0,0,0,0,0,caught
202549,2025-04-30,PBKS,Priyansh Arya,1,15,23,153.33333333333334,7,3,0,0,5,0,0,caught
202549,2025-04-30,PBKS,Prabhsimran,2,36,54,150.0,12,16,0,0,5,0,3,caught
202549,2025-04-30,PBKS,Shreyas Iyer,3,41,72,175.609756097561,7,22,3,0,5,0,4,bowled
202549,2025-04-30,PBKS,Nehal Wadhera,4,3,5,166.66666666666669,1,1,0,0,1,0,0,caught
202549,2025-04-30,PBKS,Shashank Singh,5,12,23,191.66666666666669,3,5,1,0,1,0,2,caught
202549,2025-04-30,PBKS,Josh Inglis,6,6,6,100.0,3,2,0,0,1,0,0,not out
202549,2025-04-30,PBKS,Suryansh Shedge,7,3,1,33.33333333333333,2,1,0,0,0,0,0,caught
202549,2025-04-30,PBKS,Marco Jansen,8,2,4,200.0,1,0,0,0,1,0,0,not out
202550,2025-05-01,MI,Rickelton,1,38,61,160.5263157894737,15,11,2,0,7,0,3,bowled
202550,2025-05-01,MI,Rohit,2,36,53,147.22222222222223,12,13,2,0,9,0,0,caught
202550,2025-05-01,MI,Suryakumar Yadav,3,23,48,208.69565217391303,5,8,3,0,4,0,3,not out
202550,2025-05-01,MI,Hardik Pandya,4,23,48,208.69565217391303,2,10,4,0,6,0,1,not out
202550,2025-05-01,RR,Jaiswal,1,6,13,216.66666666666666,3,1,0,0,0,0,2,bowled
202550,2025-05-01,RR,Vaibhav Suryavanshi,2,2,0,0.0,2,0,0,0,0,0,0,caught
202550,2025-05-01,RR,Nitish Rana,3,11,9,81.81818181818183,8,1,0,0,2,0,0,caught
202550,2025-05-01,RR,Riyan Parag,4,8,16,200.0,1,4,0,0,3,0,0,caught
202550,2025-05-01,RR,Dhruv Jurel,5,11,11,100.0,5,5,0,0,0,0,1,caught
202550,2025-05-01,RR,Hetmyer,6,1,0,0.0,1,0,0,0,0,0,0,caught
202550,2025-05-01,RR,Shubham Dubey,7,9,15,166.66666666666669,5,1,0,0,2,0,1,caught
202550,2025-05-01,RR,Jofra Archer,8,27,30,111.11111111111111,13,10,0,0,2,0,2,caught
202550,2025-05-01,RR,Theekshana,9,9,2,22.22222222222222,7,2,0,0,0,0,0,caught
202550,2025-05-01,RR,Kartikeya,10,4,2,50.0,3,0,1,0,0,0,0,caught
202550,2025-05-01,RR,Akash Madhwal,11,9,4,44.44444444444444,5,4,0,0,0,0,0,not out
202551,2025-05-02,GT,Sai Sudharsan,1,23,48,208.69565217391303,4,8,2,0,9,0,0,caught
202551,2025-05-02,GT,Shubman Gill,2,38,76,200.0,4,20,2,0,10,0,2,runout
202551,2025-05-02,GT,Buttler,3,37,64,172.97297297297297,7,18,5,0,3,0,4,caught
202551,2025-05-02,GT,Washington Sundar,4,16,21,131.25,3,10,1,1,0,0,1,caught
202551,2025-05-02,GT,Shahrukh Khan,5,2,6,300.0,1,0,0,0,0,0,1,not out
202551,2025-05-02,GT,Rahul Tewatia,6,3,6,200.0,2,0,0,0,0,0,1,caught
202551,2025-05-02,GT,Rashid Khan,7,1,0,0.0,1,0,0,0,0,0,0,caught
202551,2025-05-02,SRH,Head,1,16,20,125.0,8,4,0,0,4,0,0,caught
202551,2025-05-02,SRH,Abhishek Sharma,2,41,74,180.4878048780488,12,17,1,1,4,0,6,caught
202551,2025-05-02,SRH,Ishan Kishan,3,17,13,76.47058823529412,5,11,1,0,0,0,0,caught
202551,2025-05-02,SRH,Klaasen,4,18,23,127.77777777777777,3,13,0,0,1,0,1,caught
202551,2025-05-02,SRH,Aniket Verma,5,7,3,42.857142857142854,5,1,1,0,0,0,0,caught
202551,2025-05-02,SRH,Nitish Reddy,6,10,21,210.0,2,5,0,0,1,0,2,not out
202551,2025-05-02,SRH,Kamindu Mendis,7,1,0,0.0,1,0,0,0,0,0,0,caught
202551,2025-05-02,SRH,Cummins,8,10,19,190.0,1,5,2,0,1,0,1,not out
202552,2025-05-03,RCB,Jacob Bethell,1,33,55,166.66666666666669,12,11,0,0,8,0,2,caught
202552,2025-05-03,RCB,Kohli,2,33,62,187.87878787878788,11,12,0,0,5,0,5,caught
202552,2025-05-03,RCB,Padikkal,3,15,17,113.33333333333333,6,7,0,0,1,0,1,caught
202552,2025-05-03,RCB,Rajat Patidar,4,15,11,73.33333333333333,7,7,0,0,1,0,0,caught
202552,2025-05-03,RCB,Jitesh Sharma,5,8,7,87.5,5,1,1,0,1,0,0,caught
202552,2025-05-03,RCB,Tim David,6,3,2,66.66666666666666,1,2,0,0,0,0,0,not out
202552,2025-05-03,RCB,Shepherd,7,13,47,361.53846153846155,3,1,0,0,4,0,5,not out
202552,2025-05-03,CSK,Ayush Mhatre,1,48,94,195.83333333333331,10,20,4,0,9,0,5,caught
202552,2025-05-03,CSK,Shaik Rasheed,2,11,14,127.27272727272727,5,4,0,0,1,0,1,caught
202552,2025-05-03,CSK,Sam Curran,3,5,5,100.0,3,1,0,0,1,0,0,caught
202552,2025-05-03,CSK,Jadeja,4,45,77,171.11111111111111,6,25,4,0,8,0,2,not out
202552,2025-05-03,CSK,Brevis,5,1,0,0.0,1,0,0,0,0,0,0,lbw
202552,2025-05-03,CSK,Dhoni,6,8,12,150.0,1,6,0,0,0,0,1,lbw
202552,2025-05-03,CSK,Shivam Dube,7,2,2,100.0,0,2,0,0,0,0,0,not out
202553,2025-05-04,KKR,Gurbaz,1,25,35,140.0,8,11,1,0,4,0,1,caught
202553,2025-05-04,KKR,Narine,2,9,11,122.22222222222223,6,1,0,0,1,0,1,bowled
202553,2025-05-04,KKR,Rahane,3,24,30,125.0,8,12,1,0,1,0,2,caught
202553,2025-05-04,KKR,Angkrish Raghuvanshi,4,31,44,141.93548387096774,6,17,2,1,5,0,0,caught
202553,2025-05-04,KKR,Russell,5,25,57,227.99999999999997,10,5,0,0,4,0,6,not out
202553,2025-05-04,KKR,Rinku Singh,6,6,19,316.66666666666663,1,1,1,0,1,0,2,not out
202553,2025-05-04,RR,Jaiswal,1,21,34,161.9047619047619,8,6,1,0,5,0,1,caught
202553,2025-05-04,RR,Vaibhav Suryavanshi,2,2,4,200.0,1,0,0,0,1,0,0,caught
202553,2025-05-04,RR,KS Rathore,3,5,0,0.0,5,0,0,0,0,0,0,caught
202553,2025-05-04,RR,Riyan Parag,4,44,94,213.63636363636363,11,16,3,0,6,0,8,caught
202553,2025-05-04,RR,Dhruv Jurel,5,1,0,0.0,1,0,0,0,0,0,0,bowled
202553,2025-05-04,RR,Hasaranga,6,2,0,0.0,2,0,0,0,0,0,0,bowled
202553,2025-05-04,RR,Hetmyer,7,23,29,126.08695652173914,6,11,4,0,1,0,1,caught
202553,2025-05-04,RR,Shubham Dubey,8,14,25,178.57142857142858,3,7,1,0,1,0,2,not out
202553,2025-05-04,RR,Jofra Archer,9,8,12,150.0,1,4,2,0,1,0,0,runout
202554,2025-05-04,PBKS,Priyansh Arya,1,4,1,25.0,3,1,0,0,0,0,0,caught
202554,2025-05-04,PBKS,Prabhsimran,2,48,91,189.58333333333331,12,21,2,0,6,0,7,caught
202554,2025-05-04,PBKS,Josh Inglis,3,14,30,214.28571428571428,7,2,0,0,1,0,4,caught
202554,2025-05-04,PBKS,Shreyas Iyer,4,25,45,180.0,4,13,2,0,4,0,2,caught
202554,2025-05-04,PBKS,Nehal Wadhera,5,9,16,177.77777777777777,4,2,0,0,2,0,1,bowled
202554,2025-05-04,PBKS,Shashank Singh,6,15,33,220.00000000000003,1,7,2,0,4,0,1,not out
202554,2025-05-04,PBKS,Stoinis,7,5,15,300.0,0,1,2,0,1,0,1,not out
202554,2025-05-04,LSG,Markram,1,10,13,130.0,6,1,1,0,1,0,1,bowled
202554,2025-05-04,LSG,Mitchell Marsh,2,5,0,0.0,5,0,0,0,0,0,0,caught
202554,2025-05-04,LSG,Pooran,3,5,6,120.0,2,2,0,0,1,0,0,lbw
202554,2025-05-04,LSG,Pant,4,17,18,105.88235294117648,11,2,1,0,2,0,1,caught
202554,2025-05-04,LSG,Ayush Badoni,5,40,74,185.0,11,14,5,0,5,0,5,caught
202554,2025-05-04,LSG,Miller,6,8,11,137.5,3,3,1,0,0,0,1,caught
202554,2025-05-04,LSG,Abdul Samad,7,24,45,187.5,7,9,2,0,2,0,4,caught
202554,2025-05-04,LSG,Avesh Khan,8,10,19,190.0,5,1,0,0,3,0,1,not out
202554,2025-05-04,LSG,Prince Yadav,9,1,1,100.0,0,1,0,0,0,0,0,not out
202555,2025-05-05,DC,Karun Nair,1,1,0,0.0,1,0,0,0,0,0,0,caught
202555,2025-05-05,DC,Abishek Porel,2,10,8,80.0,5,4,0,0,1,0,0,caught
202555,2025-05-05,DC,du Plessis,3,8,3,37.5,5,3,0,0,0,0,0,caught
202555,2025-05-05,DC,Rahul,4,14,10,71.42857142857143,7,6,0,0,1,0,0,caught
202555,2025-05-05,DC,Axar,5,7,6,85.71428571428571,5,0,1,0,1,0,0,caught
202555,2025-05-05,DC,Stubbs,6,36,41,113.88888888888889,10,19,3,0,4,0,0,not out
202555,2025-05-05,DC,Vipraj Nigam,7,17,18,105.88235294117648,8,6,1,0,1,0,1,runout
202555,2025-05-05,DC,Ashutosh Sharma,8,26,41,157.69230769230768,8,11,2,0,2,0,3,caught
202555,2025-05-05,DC,Mitchell Starc,9,1,1,100.0,0,1,0,0,0,0,0,not out
202556,2025-05-06,MI,Rickelton,1,2,2,100.0,1,0,1,0,0,0,0,caught
202556,2025-05-06,MI,Will Jacks,2,35,53,151.42857142857142,13,13,1,0,5,0,3,caught
202556,2025-05-06,MI,Rohit,3,8,7,87.5,5,1,1,0,1,0,0,caught
202556,2025-05-06,MI,Suryakumar Yadav,4,24,35,145.83333333333331,6,11,2,0,5,0,0,caught
202556,2025-05-06,MI,Tilak Varma,5,7,7,100.0,1,5,1,0,0,0,0,caught
202556,2025-05-06,MI,Hardik Pandya,6,3,1,33.33333333333333,2,1,0,0,0,0,0,caught
202556,2025-05-06,MI,Naman Dhir,7,10,7,70.0,6,3,0,0,1,0,0,caught
202556,2025-05-06,MI,Corbin Bosch,8,22,27,122.72727272727273,10,7,2,0,1,0,2,runout
202556,2025-05-06,MI,Chahar,9,8,8,100.0,3,4,0,0,1,0,0,not out
202556,2025-05-06,MI,Karn Sharma,10,1,1,100.0,0,1,0,0,0,0,0,not out
202556,2025-05-06,GT,Sai Sudharsan,1,5,5,100.0,3,1,0,0,1,0,0,caught
202556,2025-05-06,GT,Shubman Gill,2,44,43,97.72727272727273,19,17,4,0,3,0,1,bowled
202556,2025-05-06,GT,Buttler,3,27,30,111.11111111111111,11,12,0,0,3,0,1,caught
202556,2025-05-06,GT,Rutherford,4,15,28,186.66666666666666,5,4,2,0,2,0,2,lbw
202556,2025-05-06,GT,Shahrukh Khan,5,6,6,100.0,3,2,0,0,1,0,0,bowled
202556,2025-05-06,GT,Rahul Tewatia,6,8,11,137.5,0,7,0,0,1,0,0,not out
202556,2025-05-06,GT,Rashid Khan,7,3,2,66.66666666666666,2,0,1,0,0,0,0,lbw
202556,2025-05-06,GT,Gerald Coetzee,8,5,11,220.00000000000003,2,1,0,0,1,0,1,caught
202556,2025-05-06,GT,Arshad Khan,9,1,1,100.0,0,1,0,0,0,0,0,not out
202557,2025-05-07,KKR,Gurbaz,1,9,11,122.22222222222223,6,1,0,0,1,0,1,caught
202557,2025-05-07,KKR,Rahane,2,33,48,145.45454545454547,10,14,3,0,4,0,2,caught
202557,2025-05-07,KKR,Narine,3,17,26,152.94117647058823,8,4,0,0,4,0,1,stumped
202557,2025-05-07,KKR,Angkrish Raghuvanshi,4,2,1,50.0,1,1,0,0,0,0,0,caught
202557,2025-05-07,KKR,Manish Pandey,5,28,36,128.57142857142858,5,16,5,0,1,0,1,not out
202557,2025-05-07,KKR,Russell,6,21,38,180.95238095238096,10,4,0,0,4,0,3,caught
202557,2025-05-07,KKR,Rinku Singh,7,6,9,150.0,3,1,0,0,2,0,0,caught
202557,2025-05-07,KKR,Ramandeep Singh,8,4,4,100.0,0,4,0,0,0,0,0,not out
202557,2025-05-07,CSK,Ayush Mhatre,1,2,0,0.0,2,0,0,0,0,0,0,caught
202557,2025-05-07,CSK,Urvil Patel,2,11,31,281.8181818181818,3,3,0,0,1,0,4,caught
202557,2025-05-07,CSK,Conway,3,2,0,0.0,2,0,0,0,0,0,0,bowled
202557,2025-05-07,CSK,Ashwin,4,7,8,114.28571428571428,3,2,1,0,1,0,0,caught
202557,2025-05-07,CSK,Jadeja,5,10,19,190.0,3,3,1,0,2,0,1,bowled
202557,2025-05-07,CSK,Shivam Dube,6,40,45,112.5,17,17,1,0,2,0,3,caught
202557,2025-05-07,CSK,Brevis,7,25,52,208.0,8,6,3,0,4,0,4,caught
202557,2025-05-07,CSK,Dhoni,8,18,17,94.44444444444444,6,11,0,0,0,0,1,not out
202557,2025-05-07,CSK,Noor Ahmad,9,2,2,100.0,1,0,1,0,0,0,0,caught
202557,2025-05-07,CSK,Anshul Kamboj,10,1,4,400.0,0,0,0,0,1,0,0,not out
202558,2025-05-08,PBKS,Priyansh Arya,1,34,70,205.88235294117646,10,12,1,0,5,0,6,caught
202558,2025-05-08,PBKS,Prabhsimran,2,27,49,181.4814814814815,5,10,4,1,7,0,0,not out
202559,2025-05-18,PBKS,Priyansh Arya,1,7,9,128.57142857142858,2,3,1,0,1,0,0,caught
202559,2025-05-18,PBKS,Prabhsimran,2,10,21,210.0,3,3,0,0,3,0,1,caught
202559,2025-05-18,PBKS,Mitchell Owen,3,2,0,0.0,2,0,0,0,0,0,0,caught
202559,2025-05-18,PBKS,Shreyas Iyer,4,25,30,120.0,11,8,1,0,5,0,0,caught
202559,2025-05-18,PBKS,Nehal Wadhera,5,37,70,189.1891891891892,10,14,3,0,5,0,5,caught
202559,2025-05-18,PBKS,Shashank Singh,6,30,59,196.66666666666666,5,13,4,0,5,0,3,not out
202559,2025-05-18,PBKS,Azmatullah,7,9,21,233.33333333333334,2,3,0,0,3,0,1,not out
202559,2025-05-18,RR,Jaiswal,1,25,50,200.0,7,8,0,0,9,0,1,caught
202559,2025-05-18,RR,Vaibhav Suryavanshi,2,15,40,266.66666666666663,7,0,0,0,4,0,4,caught
202559,2025-05-18,RR,Samson,3,16,20,125.0,6,6,2,0,1,0,1,caught
202559,2025-05-18,RR,Riyan Parag,4,11,13,118.18181818181819,4,5,1,0,0,0,1,bowled
202559,2025-05-18,RR,Dhruv Jurel,5,31,53,170.96774193548387,10,11,3,0,3,0,4,caught
202559,2025-05-18,RR,Hetmyer,6,12,11,91.66666666666666,5,5,1,0,1,0,0,caught
202559,2025-05-18,RR,Shubham Dubey,7,7,7,100.0,2,3,2,0,0,0,0,not out
202559,2025-05-18,RR,Hasaranga,8,1,0,0.0,1,0,0,0,0,0,0,caught
202559,2025-05-18,RR,Kwena Maphaka,9,2,8,400.0,0,0,0,0,2,0,0,not out
202560,2025-05-18,DC,Rahul,1,65,112,172.30769230769232,19,24,4,0,14,0,4,not out
202560,2025-05-18,DC,du Plessis,2,10,5,50.0,6,3,1,0,0,0,0,caught
202560,2025-05-18,DC,Abishek Porel,3,19,30,157.89473684210526,7,8,0,0,1,0,3,caught
202560,2025-05-18,DC,Axar,4,16,25,156.25,5,5,3,0,2,0,1,caught
202560,2025-05-18,DC,Stubbs,5,10,21,210.0,0,7,1,0,0,0,2,not out
202560,2025-05-18,GT,Sai Sudharsan,1,61,108,177.04918032786884,13,28,4,0,12,0,4,not out
202560,2025-05-18,GT,Shubman Gill,2,53,93,175.47169811320757,9,29,5,0,3,0,7,not out
202561,2025-05-19,LSG,Mitchell Marsh,1,39,65,166.66666666666669,14,13,2,0,6,0,4,caught
202561,2025-05-19,LSG,Markram,2,37,55,148.64864864864865,10,19,1,0,4,0,3,bowled
202561,2025-05-19,LSG,Pant,3,6,7,116.66666666666667,2,3,0,0,1,0,0,caught
202561,2025-05-19,LSG,Pooran,4,25,41,164.0,5,13,1,0,5,0,1,runout
202561,2025-05-19,LSG,Ayush Badoni,5,5,3,60.0,2,3,0,0,0,0,0,caught
202561,2025-05-19,LSG,Abdul Samad,6,6,3,50.0,3,3,0,0,0,0,0,bowled
202561,2025-05-19,LSG,Thakur,7,1,4,400.0,0,0,0,0,1,0,0,runout
202561,2025-05-19,LSG,Akash Deep,8,1,6,600.0,0,0,0,0,0,0,1,not out
202561,2025-05-19,SRH,Atharva Taide,1,9,13,144.44444444444443,5,1,0,0,3,0,0,caught
202561,2025-05-19,SRH,Abhishek Sharma,2,20,59,295.0,4,5,1,0,4,0,6,caught
202561,2025-05-19,SRH,Ishan Kishan,3,28,35,125.0,13,9,1,0,3,0,2,bowled
202561,2025-05-19,SRH,Klaasen,4,28,47,167.85714285714286,2,17,4,0,4,0,1,caught
202561,2025-05-19,SRH,Kamindu Mendis,5,22,33,150.0,3,11,5,0,3,0,0,retired hurt
202561,2025-05-19,SRH,Aniket Verma,6,2,5,250.0,0,1,0,0,1,0,0,not out
202561,2025-05-19,SRH,Nitish Reddy,7,2,5,250.0,0,1,0,0,1,0,0,not out
202562,2025-05-20,CSK,Ayush Mhatre,1,20,43,215.0,7,3,1,0,8,0,1,caught
202562,2025-05-20,CSK,Conway,2,8,10,125.0,5,0,1,0,2,0,0,caught
202562,2025-05-20,CSK,Urvil Patel,3,2,0,0.0,2,0,0,0,0,0,0,caught
202562,2025-05-20,CSK,Ashwin,4,7,13,185.71428571428572,2,3,0,0,1,0,1,caught
202562,2025-05-20,CSK,Jadeja,5,5,1,20.0,4,1,0,0,0,0,0,caught
202562,2025-05-20,CSK,Brevis,6,25,42,168.0,6,12,2,0,2,0,3,bowled
202562,2025-05-20,CSK,Shivam Dube,7,32,39,121.875,10,17,1,0,2,0,2,caught
202562,2025-05-20,CSK,Dhoni,8,17,16,94.11764705882352,7,8,1,0,0,0,1,caught
202562,2025-05-20,CSK,Anshul Kamboj,9,3,5,166.66666666666669,1,1,0,0,1,0,0,not out
202562,2025-05-20,CSK,Noor Ahmad,10,1,2,200.0,0,0,1,0,0,0,0,not out
202562,2025-05-20,RR,Jaiswal,1,19,36,189.4736842105263,8,4,0,0,5,0,2,bowled
202562,2025-05-20,RR,Vaibhav Suryavanshi,2,32,57,178.125,8,15,1,0,4,0,4,caught
202562,2025-05-20,RR,Samson,3,31,41,132.25806451612902,9,17,0,0,3,0,2,caught
202562,2025-05-20,RR,Riyan Parag,4,4,3,75.0,1,3,0,0,0,0,0,bowled
202562,2025-05-20,RR,Dhruv Jurel,5,12,31,258.33333333333337,3,3,1,0,2,0,3,not out
202562,2025-05-20,RR,Hetmyer,6,5,12,240.0,1,2,0,0,1,0,1,not out
202563,2025-05-21,MI,Rickelton,1,18,25,138.88888888888889,5,9,2,0,0,0,2,caught
202563,2025-05-21,MI,Rohit,2,5,5,100.0,3,1,0,0,1,0,0,caught
202563,2025-05-21,MI,Will Jacks,3,13,21,161.53846153846155,6,3,0,0,3,0,1,caught
202563,2025-05-21,MI,Suryakumar Yadav,4,43,73,169.7674418604651,12,19,1,0,7,0,4,not out
202563,2025-05-21,MI,Tilak Varma,5,27,27,100.0,10,13,2,0,1,0,1,caught
202563,2025-05-21,MI,Hardik Pandya,6,6,3,50.0,3,3,0,0,0,0,0,caught
202563,2025-05-21,MI,Naman Dhir,7,8,24,300.0,1,2,1,0,2,0,2,not out
202563,2025-05-21,DC,Rahul,1,6,11,183.33333333333331,1,3,0,0,2,0,0,caught
202563,2025-05-21,DC,du Plessis,2,7,6,85.71428571428571,4,2,0,0,1,0,0,caught
202563,2025-05-21,DC,Abishek Porel,3,9,6,66.66666666666666,5,2,2,0,0,0,0,stumped
202563,2025-05-21,DC,Sameer Rizvi,4,35,39,111.42857142857143,19,9,0,0,6,0,1,bowled
202563,2025-05-21,DC,Vipraj Nigam,5,10,20,200.0,4,2,0,0,3,0,1,caught
202563,2025-05-21,DC,Stubbs,6,4,2,50.0,2,2,0,0,0,0,0,lbw
202563,2025-05-21,DC,Ashutosh Sharma,7,16,18,112.5,7,6,1,0,1,0,1,stumped
202563,2025-05-21,DC,Madhav Tiwari,8,4,3,75.0,2,1,1,0,0,0,0,bowled
202563,2025-05-21,DC,Chameera,9,10,8,80.0,2,8,0,0,0,0,0,not out
202563,2025-05-21,DC,Kuldeep Yadav,10,8,7,87.5,3,3,2,0,0,0,0,caught
202563,2025-05-21,DC,Mustafizur,11,1,0,0.0,1,0,0,0,0,0,0,bowled
202564,2025-05-22,LSG,Markram,1,24,36,150.0,8,10,1,0,3,0,2,caught
202564,2025-05-22,LSG,Mitchell Marsh,2,64,117,182.8125,20,23,3,0,10,0,8,caught
202564,2025-05-22,LSG,Pooran,3,26,55,211.53846153846155,9,7,1,0,4,0,5,not out
202564,2025-05-22,LSG,Pant,4,6,16,266.66666666666663,1,2,1,0,0,0,2,not out
202564,2025-05-22,GT,Sai Sudharsan,1,16,21,131.25,7,5,0,0,4,0,0,caught
202564,2025-05-22,GT,Shubman Gill,2,20,35,175.0,7,5,1,0,7,0,0,caught
202564,2025-05-22,GT,Buttler,3,18,33,183.33333333333331,5,7,1,0,3,0,2,bowled
202564,2025-05-22,GT,Rutherford,4,22,38,172.72727272727272,5,10,3,0,1,0,3,caught
202564,2025-05-22,GT,Shahrukh Khan,5,29,57,196.55172413793102,4,15,2,0,5,0,3,caught
202564,2025-05-22,GT,Rahul Tewatia,6,3,2,66.66666666666666,1,2,0,0,0,0,0,caught
202564,2025-05-22,GT,Arshad Khan,7,3,1,33.33333333333333,2,1,0,0,0,0,0,caught
202564,2025-05-22,GT,Rashid Khan,8,4,4,100.0,0,4,0,0,0,0,0,not out
202564,2025-05-22,GT,Rabada,9,3,2,66.66666666666666,1,2,0,0,0,0,0,bowled
202564,2025-05-22,GT,Sai Kishore,10,2,1,50.0,1,1,0,0,0,0,0,bowled
202565,2025-05-23,SRH,Abhishek Sharma,1,16,34,212.5,7,2,1,0,3,0,3,caught
202565,2025-05-23,SRH,Head,2,10,17,170.0,3,3,1,0,3,0,0,caught
202565,2025-05-23,SRH,Klaasen,3,13,24,184.6153846153846,5,4,0,0,2,0,2,caught
202565,2025-05-23,SRH,Ishan Kishan,4,48,94,195.83333333333331,6,24,6,0,7,0,5,not out
202565,2025-05-23,SRH,Aniket Verma,5,9,26,288.88888888888886,1,4,0,0,1,0,3,caught
202565,2025-05-23,SRH,Nitish Reddy,6,7,4,57.14285714285714,3,4,0,0,0,0,0,caught
202565,2025-05-23,SRH,Abhinav Manohar,7,11,12,109.09090909090908,5,4,1,0,0,0,1,caught
202565,2025-05-23,SRH,Cummins,8,6,13,216.66666666666666,1,1,3,0,0,0,1,not out
202565,2025-05-23,RCB,Phil Salt,1,31,62,200.0,9,10,3,0,4,0,5,caught
202565,2025-05-23,RCB,Kohli,2,25,43,172.0,10,5,2,0,7,0,1,caught
202565,2025-05-23,RCB,Mayank Agarawal,3,10,11,110.00000000000001,3,5,1,0,1,0,0,caught
202565,2025-05-23,RCB,Rajat Patidar,4,16,18,112.5,4,8,3,0,1,0,0,runout
202565,2025-05-23,RCB,Jitesh Sharma,5,15,24,160.0,4,8,0,0,1,0,2,caught
202565,2025-05-23,RCB,Shepherd,6,1,0,0.0,1,0,0,0,0,0,0,caught
202565,2025-05-23,RCB,Tim David,7,5,1,20.0,4,1,0,0,0,0,0,caught
202565,2025-05-23,RCB,Krunal Pandya,8,6,8,133.33333333333331,4,0,0,0,2,0,0,hit wicket
202565,2025-05-23,RCB,Bhuvneshwar,9,2,3,150.0,1,0,0,1,0,0,0,bowled
202565,2025-05-23,RCB,Yash Dayal,10,6,3,50.0,4,1,1,0,0,0,0,caught
202565,2025-05-23,RCB,Ngidi,11,2,0,0.0,2,0,0,0,0,0,0,not out
202566,2025-05-24,PBKS,Priyansh Arya,1,9,6,66.66666666666666,7,0,1,0,1,0,0,caught
202566,2025-05-24,PBKS,Prabhsimran,2,18,28,155.55555555555557,7,6,0,0,4,0,1,bowled
202566,2025-05-24,PBKS,Josh Inglis,3,12,32,266.66666666666663,2,2,3,0,3,0,2,stumped
202566,2025-05-24,PBKS,Shreyas Iyer,4,33,52,157.57575757575756,7,18,1,0,5,0,2,caught
202566,2025-05-24,PBKS,Nehal Wadhera,5,16,16,100.0,5,8,2,0,1,0,0,caught
202566,2025-05-24,PBKS,Shashank Singh,6,10,11,110.00000000000001,1,7,2,0,0,0,0,caught
202566,2025-05-24,PBKS,Stoinis,7,15,44,293.3333333333333,1,6,1,0,3,0,4,not out
202566,2025-05-24,PBKS,Azmatullah,8,3,1,33.33333333333333,2,1,0,0,0,0,0,caught
202566,2025-05-24,PBKS,Marco Jansen,9,2,0,0.0,2,0,0,0,0,0,0,caught
202566,2025-05-24,PBKS,Harpreet Brar,10,2,7,350.0,0,1,0,0,0,0,1,not out
202566,2025-05-24,DC,Rahul,1,21,35,166.66666666666669,9,5,0,0,6,0,1,caught
202566,2025-05-24,DC,du Plessis,2,15,23,153.33333333333334,4,7,1,0,2,0,1,caught
202566,2025-05-24,DC,Karun Nair,3,26,44,169.23076923076923,7,12,0,0,5,0,2,bowled
202566,2025-05-24,DC,Sediqullah Atal,4,16,22,137.5,6,6,2,0,0,0,2,caught
202566,2025-05-24,DC,Sameer Rizvi,5,25,58,231.99999999999997,1,16,0,0,3,0,5,not out
202566,2025-05-24,DC,Stubbs,6,14,18,128.57142857142858,3,8,1,0,2,0,0,not out
202567,2025-05-25,CSK,Ayush Mhatre,1,17,34,200.0,8,2,1,0,3,0,3,caught
202567,2025-05-25,CSK,Conway,2,35,52,148.57142857142858,14,10,3,0,6,0,2,bowled
202567,2025-05-25,CSK,Urvil Patel,3,19,37,194.73684210526315,6,6,0,1,4,0,2,caught
202567,2025-05-25,CSK,Shivam Dube,4,8,17,212.5,2,3,1,0,0,0,2,caught
202567,2025-05-25,CSK,Brevis,5,23,57,247.82608695652172,3,11,0,0,4,0,5,caught
202567,2025-05-25,CSK,Jadeja,6,18,21,116.66666666666667,6,9,1,0,1,0,1,not out
202567,2025-05-25,GT,Sai Sudharsan,1,28,41,146.42857142857142,7,13,2,0,6,0,0,caught
202567,2025-05-25,GT,Shubman Gill,2,9,13,144.44444444444443,4,3,0,0,1,0,1,caught
202567,2025-05-25,GT,Buttler,3,7,5,71.42857142857143,4,1,2,0,0,0,0,caught
202567,2025-05-25,GT,Rutherford,4,4,0,0.0,4,0,0,0,0,0,0,caught
202567,2025-05-25,GT,Shahrukh Khan,5,15,19,126.66666666666666,6,7,0,0,0,0,2,caught
202567,2025-05-25,GT,Rahul Tewatia,6,10,14,140.0,2,4,3,0,1,0,0,caught
202567,2025-05-25,GT,Rashid Khan,7,8,12,150.0,4,2,0,0,1,0,1,caught
202567,2025-05-25,GT,Gerald Coetzee,8,5,5,100.0,3,1,0,0,1,0,0,bowled
202567,2025-05-25,GT,Arshad Khan,9,14,20,142.85714285714286,9,2,0,0,0,0,3,bowled
202567,2025-05-25,GT,Sai Kishore,10,7,3,42.857142857142854,4,3,0,0,0,0,0,caught
202567,2025-05-25,GT,Siraj,11,4,3,75.0,2,1,1,0,0,0,0,not out
202568,2025-05-25,SRH,Abhishek Sharma,1,16,32,200.0,6,4,0,0,4,0,2,caught
202568,2025-05-25,SRH,Head,2,40,76,190.0,14,12,2,0,6,0,6,caught
202568,2025-05-25,SRH,Klaasen,3,38,104,273.6842105263158,4,14,4,0,7,0,9,not out
202568,2025-05-25,SRH,Ishan Kishan,4,20,29,145.0,8,7,0,0,4,0,1,caught
202568,2025-05-25,SRH,Aniket Verma,5,6,12,200.0,2,2,0,0,1,0,1,not out
202568,2025-05-25,KKR,de Kock,1,13,9,69.23076923076923,4,9,0,0,0,0,0,caught
202568,2025-05-25,KKR,Narine,2,16,31,193.75,9,1,0,0,3,0,3,bowled
202568,2025-05-25,KKR,Rahane,3,8,15,187.5,3,1,1,0,3,0,0,caught
202568,2025-05-25,KKR,Angkrish Raghuvanshi,4,18,14,77.77777777777779,7,10,0,0,1,0,0,caught
202568,2025-05-25,KKR,Rinku Singh,5,6,9,150.0,3,1,1,0,0,0,1,caught
202568,2025-05-25,KKR,Russell,6,1,0,0.0,1,0,0,0,0,0,0,lbw
202568,2025-05-25,KKR,Manish Pandey,7,23,37,160.8695652173913,9,7,2,0,2,0,3,caught
202568,2025-05-25,KKR,Ramandeep Singh,8,5,13,260.0,2,1,0,0,0,0,2,bowled
202568,2025-05-25,KKR,Harshit Rana,9,21,34,161.9047619047619,9,6,1,0,2,0,3,caught
202568,2025-05-25,KKR,Vaibhav Arora,10,1,0,0.0,1,0,0,0,0,0,0,runout
202569,2025-05-26,MI,Rickelton,1,20,27,135.0,10,3,2,0,5,0,0,caught
202569,2025-05-26,MI,Rohit,2,21,24,114.28571428571428,8,10,0,0,2,0,1,caught
202569,2025-05-26,MI,Suryakumar Yadav,3,39,57,146.15384615384613,14,13,4,0,6,0,2,lbw
202569,2025-05-26,MI,Tilak Varma,4,4,1,25.0,3,1,0,0,0,0,0,caught
202569,2025-05-26,MI,Will Jacks,5,8,17,212.5,2,3,0,0,2,0,1,caught
202569,2025-05-26,MI,Hardik Pandya,6,15,26,173.33333333333334,5,6,0,0,2,0,2,caught
202569,2025-05-26,MI,Naman Dhir,7,12,20,166.66666666666669,4,4,2,0,0,0,2,caught
202569,2025-05-26,MI,Santner,8,1,1,100.0,0,1,0,0,0,0,0,not out
202569,2025-05-26,PBKS,Priyansh Arya,1,35,62,177.14285714285714,11,12,1,0,9,0,2,caught
202569,2025-05-26,PBKS,Prabhsimran,2,16,13,81.25,11,3,0,0,1,0,1,caught
202569,2025-05-26,PBKS,Josh Inglis,3,42,73,173.80952380952382,15,11,4,0,9,0,3,lbw
202569,2025-05-26,PBKS,Shreyas Iyer,4,16,26,162.5,5,6,2,0,1,0,2,not out
202569,2025-05-26,PBKS,Nehal Wadhera,5,2,2,100.0,0,2,0,0,0,0,0,not out
202570,2025-05-27,LSG,Mitchell Marsh,1,36,67,186.11111111111111,8,17,2,0,4,0,5,caught
202570,2025-05-27,LSG,Breetzke,2,12,14,116.66666666666667,7,2,1,0,1,0,1,bowled
202570,2025-05-27,LSG,Pant,3,61,118,193.44262295081967,20,18,4,0,11,0,8,not out
202570,2025-05-27,LSG,Pooran,4,10,13,130.0,1,7,1,0,1,0,0,caught
202570,2025-05-27,LSG,Abdul Samad,5,1,1,100.0,0,1,0,0,0,0,0,not out
202570,2025-05-27,RCB,Phil Salt,1,19,30,157.89473684210526,8,4,1,0,6,0,0,caught
202570,2025-05-27,RCB,Kohli,2,30,54,180.0,7,12,1,0,10,0,0,caught
202570,2025-05-27,RCB,Rajat Patidar,3,7,14,200.0,1,4,0,0,1,0,1,caught
202570,2025-05-27,RCB,Livingstone,4,1,0,0.0,1,0,0,0,0,0,0,lbw
202570,2025-05-27,RCB,Mayank Agarawal,5,23,41,178.26086956521738,2,12,3,1,5,0,0,not out
202570,2025-05-27,RCB,Jitesh Sharma,6,32,85,265.625,4,11,3,0,8,0,6,not out
202571,2025-05-29,PBKS,Priyansh Arya,1,5,7,140.0,2,1,1,0,1,0,0,caught
202571,2025-05-29,PBKS,Prabhsimran,2,10,18,180.0,4,2,1,0,2,0,1,caught
202571,2025-05-29,PBKS,Josh Inglis,3,7,4,57.14285714285714,3,4,0,0,0,0,0,caught
202571,2025-05-29,PBKS,Shreyas Iyer,4,3,2,66.66666666666666,2,0,1,0,0,0,0,caught
202571,2025-05-29,PBKS,Nehal Wadhera,5,9,8,88.88888888888889,5,2,1,0,1,0,0,bowled
202571,2025-05-29,PBKS,Stoinis,6,17,26,152.94117647058823,8,4,1,0,2,0,2,bowled
202571,2025-05-29,PBKS,Shashank Singh,7,5,3,60.0,3,1,1,0,0,0,0,bowled
202571,2025-05-29,PBKS,Musheer Khan,8,3,0,0.0,3,0,0,0,0,0,0,lbw
202571,2025-05-29,PBKS,Azmatullah,9,12,18,150.0,2,8,0,0,1,0,1,caught
202571,2025-05-29,PBKS,Harpreet Brar,10,11,4,36.36363636363637,8,2,1,0,0,0,0,bowled
202571,2025-05-29,PBKS,Jamieson,11,3,0,0.0,3,0,0,0,0,0,0,not out
202571,2025-05-29,RCB,Phil Salt,1,27,56,207.4074074074074,6,10,2,0,6,0,3,not out
202571,2025-05-29,RCB,Kohli,2,12,12,100.0,6,4,0,0,2,0,0,caught
202571,2025-05-29,RCB,Mayank Agarawal,3,13,19,146.15384615384613,5,5,0,0,2,0,1,caught
202571,2025-05-29,RCB,Rajat Patidar,4,8,15,187.5,1,5,0,0,1,0,1,not out
202572,2025-05-30,MI,Rohit,1,50,81,162.0,17,19,1,0,9,0,4,caught
202572,2025-05-30,MI,Bairstow,2,22,47,213.63636363636363,6,5,4,0,4,0,3,caught
202572,2025-05-30,MI,Suryakumar Yadav,3,20,33,165.0,6,9,1,0,1,0,3,caught
202572,2025-05-30,MI,Tilak Varma,4,11,25,227.27272727272728,1,7,0,0,0,0,3,caught
202572,2025-05-30,MI,Hardik Pandya,5,9,22,244.44444444444446,2,4,0,0,0,0,3,not out
202572,2025-05-30,MI,Naman Dhir,6,6,9,150.0,2,3,0,0,0,0,1,caught
202572,2025-05-30,MI,Santner,7,2,0,0.0,2,0,0,0,0,0,0,not out
202572,2025-05-30,GT,Sai Sudharsan,1,49,80,163.26530612244898,11,20,7,0,10,0,1,bowled
202572,2025-05-30,GT,Shubman Gill,2,2,1,50.0,1,1,0,0,0,0,0,lbw
202572,2025-05-30,GT,Kusal Mendis,3,10,20,200.0,4,2,1,0,1,0,2,hit wicket
202572,2025-05-30,GT,Washington Sundar,4,24,48,200.0,7,8,1,0,5,0,3,bowled
202572,2025-05-30,GT,Rutherford,5,15,24,160.0,3,8,0,0,4,0,0,caught
202572,2025-05-30,GT,Rahul Tewatia,6,11,16,145.45454545454547,4,4,1,0,1,0,1,not out
202572,2025-05-30,GT,Shahrukh Khan,7,7,13,185.71428571428572,2,1,3,0,0,0,1,caught
202572,2025-05-30,GT,Rashid Khan,8,2,0,0.0,2,0,0,0,0,0,0,not out
202573,2025-06-01,MI,Rohit,1,7,8,114.28571428571428,2,4,0,0,1,0,0,caught
202573,2025-06-01,MI,Bairstow,2,24,38,158.33333333333331,8,8,3,0,3,0,2,caught
202573,2025-06-01,MI,Tilak Varma,3,27,37,137.03703703703704,5,15,4,0,2,0,1,caught
202573,2025-06-01,MI,Suryakumar Yadav,4,26,44,169.23076923076923,10,8,1,0,4,0,3,caught
202573,2025-06-01,MI,Hardik Pandya,5,13,15,115.38461538461537,6,5,0,0,1,0,1,caught
202573,2025-06-01,MI,Naman Dhir,6,18,37,205.55555555555554,3,7,1,0,7,0,0,caught
202573,2025-06-01,MI,Raj Bawa,7,4,8,200.0,0,1,2,1,0,0,0,not out
202573,2025-06-01,MI,Santner,8,1,0,0.0,1,0,0,0,0,0,0,not out
202573,2025-06-01,PBKS,Priyansh Arya,1,10,20,200.0,3,2,2,0,2,0,1,caught
202573,2025-06-01,PBKS,Prabhsimran,2,9,6,66.66666666666666,6,2,0,0,1,0,0,caught
202573,2025-06-01,PBKS,Josh Inglis,3,21,38,180.95238095238096,9,4,1,0,5,0,2,caught
202573,2025-06-01,PBKS,Shreyas Iyer,4,40,87,217.49999999999997,9,17,1,0,5,0,8,not out
202573,2025-06-01,PBKS,Nehal Wadhera,5,29,48,165.51724137931035,7,12,4,0,4,0,2,caught
202573,2025-06-01,PBKS,Shashank Singh,6,3,2,66.66666666666666,1,2,0,0,0,0,0,runout
202573,2025-06-01,PBKS,Stoinis,7,2,2,100.0,0,2,0,0,0,0,0,not out
202574,2025-06-03,RCB,Phil Salt,1,9,16,177.77777777777777,5,0,1,0,2,0,1,caught
202574,2025-06-03,RCB,Kohli,2,35,43,122.85714285714286,4,25,3,0,3,0,0,caught
202574,2025-06-03,RCB,Mayank Agarawal,3,18,24,133.33333333333331,8,4,3,0,2,0,1,caught
202574,2025-06-03,RCB,Rajat Patidar,4,16,26,162.5,5,6,2,0,1,0,2,lbw
202574,2025-06-03,RCB,Livingstone,5,15,25,166.66666666666669,1,11,1,0,0,0,2,lbw
202574,2025-06-03,RCB,Jitesh Sharma,6,10,24,240.0,2,4,0,0,2,0,2,bowled
202574,2025-06-03,RCB,Shepherd,7,9,17,188.88888888888889,1,5,1,0,1,0,1,lbw
202574,2025-06-03,RCB,Krunal Pandya,8,5,4,80.0,1,4,0,0,0,0,0,caught
202574,2025-06-03,RCB,Bhuvneshwar,9,2,1,50.0,1,1,0,0,0,0,0,caught
202574,2025-06-03,RCB,Yash Dayal,10,1,1,100.0,0,1,0,0,0,0,0,not out
202574,2025-06-03,PBKS,Priyansh Arya,1,19,24,126.3157894736842,8,6,1,0,4,0,0,caught
202574,2025-06-03,PBKS,Prabhsimran,2,22,26,118.18181818181819,7,12,1,0,0,0,2,caught
202574,2025-06-03,PBKS,Josh Inglis,3,23,39,169.56521739130434,8,9,1,0,1,0,4,caught
202574,2025-06-03,PBKS,Shreyas Iyer,4,2,1,50.0,1,1,0,0,0,0,0,caught
202574,2025-06-03,PBKS,Nehal Wadhera,5,18,15,83.33333333333334,9,7,1,0,0,0,1,caught
202574,2025-06-03,PBKS,Shashank Singh,6,30,61,203.33333333333331,10,9,2,0,3,0,6,not out
202574,2025-06-03,PBKS,Stoinis,7,2,6,300.0,1,0,0,0,0,0,1,caught
202574,2025-06-03,PBKS,Azmatullah,8,2,1,50.0,1,1,0,0,0,0,0,caught
202574,2025-06-03,PBKS,Jamieson,9,2,0,0.0,2,0,0,0,0,0,0,not out
